config,n_days,cagr,ann_simple,ann_vol,sharpe,max_dd,calmar,worst_day,best_day,positive_day_share
cc|always|none|off|off,4528,0.1703622756206471,0.2150024571091602,0.34035083185950105,0.631708334410402,0.7038929134852554,0.24202868413195883,-0.10893429929706568,0.1785319137383454,0.5342314487632509
cc|always|none|off|vt15,4528,0.08767492598265747,0.08962547050826938,0.10552326774387151,0.8493432057639684,0.24722348234018954,0.35463834241285064,-0.03174405521407715,0.028215243482907344,0.5399734982332155
cc|always|none|off|vt20,4528,0.11218957104704841,0.11596316914753592,0.13860883007745428,0.8366218016755208,0.31990417819650074,0.350697423458271,-0.04098592376088535,0.036641320047139464,0.5393109540636042
cc|always|none|qqq200|off,4528,0.12192112828950608,0.13641856941130523,0.20659407611140929,0.6603217864666132,0.5555726621295551,0.21945127361409844,-0.0857552731434389,0.11567551230748535,0.3833922261484099
cc|always|none|qqq200|vt15,4528,0.06555208356657283,0.06705207497031428,0.08423527711354424,0.7960094305849079,0.18458614690364672,0.35513002826149664,-0.03174405521407715,0.028215243482907344,0.3873674911660777
cc|always|none|qqq200|vt20,4528,0.08354650458152624,0.0862852176370326,0.10977678949838615,0.7860060221409654,0.23935403961382384,0.34904990413498344,-0.04098592376088535,0.0297321664724132,0.38670494699646646
cc|always|p70x0|off|off,4528,0.17048815474902534,0.20663121090045117,0.3144676690684155,0.6570825277923771,0.7155713355269033,0.23825458942327282,-0.09811868408525011,0.1785319137383454,0.5099381625441696
cc|always|p70x0|off|vt15,4528,0.08541419863524902,0.08722048743829332,0.10240970141577621,0.8516818839670692,0.256320055700608,0.33323260016382095,-0.03174405521407715,0.028215243482907344,0.5154593639575972
cc|always|p70x0|off|vt20,4528,0.1092682014279105,0.11275652505423449,0.13439256349254938,0.8390086633066243,0.33055199609020824,0.33056282436754975,-0.04098592376088535,0.036641320047139464,0.5147968197879859
cc|always|p70x0|qqq200|off,4528,0.13081737848862063,0.14400482508900891,0.20505820551414142,0.7022631682938332,0.5555726621295551,0.23546403091035292,-0.0857552731434389,0.11567551230748535,0.3820671378091873
cc|always|p70x0|qqq200|vt15,4528,0.06778579438881915,0.06912147718475188,0.08393457716437104,0.823516118385748,0.18458614690364672,0.36723121169110856,-0.03174405521407715,0.028215243482907344,0.38604240282685515
cc|always|p70x0|qqq200|vt20,4528,0.08658805348931309,0.08904442058961606,0.10936686859057204,0.8141809465439164,0.23935403961382384,0.3617572263623171,-0.04098592376088535,0.0297321664724132,0.38537985865724383
cc|always|p70x50|off|off,4528,0.17291014711080588,0.2108168340048057,0.3211287522641987,0.6564869464922989,0.7074471025901148,0.24441424168357598,-0.09811868408525011,0.1785319137383454,0.5342314487632509
cc|always|p70x50|off|vt15,4528,0.08663205685202979,0.08842297897328134,0.10319488324012711,0.856854295455012,0.25160453774234226,0.3443183403184329,-0.03174405521407715,0.028215243482907344,0.5399734982332155
cc|always|p70x50|off|vt20,4528,0.11088797976183074,0.1143598471008852,0.13545628529558792,0.844256483568357,0.3249588583254106,0.34123698099280186,-0.04098592376088535,0.036641320047139464,0.5393109540636042
cc|always|p70x50|qqq200|off,4528,0.1264483477432241,0.14021169725015706,0.205448526061035,0.6824663089016405,0.5555726621295551,0.22760001771602173,-0.0857552731434389,0.11567551230748535,0.3833922261484099
cc|always|p70x50|qqq200|vt15,4528,0.06667493765629029,0.06808677607753308,0.0840115425576178,0.8104454936157969,0.18458614690364672,0.36121311796542543,-0.03174405521407715,0.028215243482907344,0.3873674911660777
cc|always|p70x50|qqq200|vt20,4528,0.08507811443316693,0.08766481911332435,0.10947171976449746,0.8007987752628213,0.23935403961382384,0.35544883458174675,-0.04098592376088535,0.0297321664724132,0.38670494699646646
cc|always|p80x0|off|off,4528,0.19269383260304163,0.22892230182070578,0.32537786767119414,0.7035583073278969,0.7038929134852554,0.27375447161264543,-0.10366776079193847,0.1785319137383454,0.5242932862190812
cc|always|p80x0|off|vt15,4528,0.09060171441908182,0.09215293353222957,0.10398976737698341,0.8861730904556889,0.24722348234018954,0.36647697686909125,-0.03174405521407715,0.028215243482907344,0.5295936395759717
cc|always|p80x0|off|vt20,4528,0.11626104355115685,0.11933311984614947,0.13653323104314,0.8740225286871307,0.31990417819650074,0.3634245860951014,-0.04098592376088535,0.036641320047139464,0.5289310954063604
cc|always|p80x0|qqq200|off,4528,0.1311489755819728,0.14440921661811348,0.20560882423750018,0.7023493138179001,0.5555726621295551,0.23606088730008443,-0.0857552731434389,0.11567551230748535,0.3822879858657244
cc|always|p80x0|qqq200|vt15,4528,0.06793576933562107,0.0692723228455745,0.0840587384405687,0.8240942480305185,0.18458614690364672,0.3680437046615599,-0.03174405521407715,0.028215243482907344,0.38626325088339225
cc|always|p80x0|qqq200|vt20,4528,0.0867865640699308,0.08924554813737959,0.10953628751163814,0.8147578319914971,0.23935403961382384,0.3625865860043686,-0.04098592376088535,0.0297321664724132,0.38560070671378094
cc|always|p80x50|off|off,4528,0.18295015327361686,0.22196237946493297,0.32919456816084475,0.6742589366070036,0.7038929134852554,0.2599119124068993,-0.10366776079193847,0.1785319137383454,0.5342314487632509
cc|always|p80x50|off|vt15,4528,0.08918085983001567,0.09088920202024947,0.10437746897433706,0.8707741518679295,0.24722348234018954,0.3607297291739431,-0.03174405521407715,0.028215243482907344,0.5399734982332155
cc|always|p80x50|off|vt20,4528,0.11430263370177696,0.11764814449684272,0.13705798924034063,0.8583822449820024,0.31990417819650074,0.35730272216565645,-0.04098592376088535,0.036641320047139464,0.5393109540636042
cc|always|p80x50|qqq200|off,4528,0.1265824575755221,0.14041389301470936,0.20586114145230067,0.6820806103770883,0.5555726621295551,0.22784140798130936,-0.0857552731434389,0.11567551230748535,0.3833922261484099
cc|always|p80x50|qqq200|vt15,4528,0.06674707941867175,0.0681621989079444,0.08410472244964115,0.8104443712867305,0.18458614690364672,0.3616039477410701,-0.03174405521407715,0.028215243482907344,0.3873674911660777
cc|always|p80x50|qqq200|vt20,4528,0.0851722423531216,0.08776538288720609,0.10959885448468584,0.8007874105971562,0.23935403961382384,0.3558420927030909,-0.04098592376088535,0.0297321664724132,0.38670494699646646
cc|tsmom252|none|off|off,4528,0.11896593538137146,0.13069631373476256,0.19120737456777553,0.6835317624657612,0.5283652010751185,0.2251585364427849,-0.07774564525453193,0.11316564415679839,0.5183303886925795
cc|tsmom252|none|off|vt15,4528,0.0640201019249882,0.06480811349522689,0.07407929694881316,0.8748478477057846,0.1697598749820317,0.3771215190383736,-0.03031697781689035,0.028215243482907344,0.517226148409894
cc|tsmom252|none|off|vt20,4528,0.08198023437679436,0.08345146775721098,0.09634231756396695,0.8661974287861922,0.22080035073476245,0.37128670359438665,-0.03908315389796961,0.0297321664724132,0.5161219081272085
cc|tsmom252|none|qqq200|off,4528,0.10631330340182843,0.11460868679611928,0.1646750777115697,0.6959686212922742,0.3610269600270307,0.2944746935072898,-0.07774564525453193,0.11316564415679839,0.3825088339222615
cc|tsmom252|none|qqq200|vt15,4528,0.05521956812978823,0.05609632411094237,0.06839932248073083,0.8201298211213363,0.1423925062438096,0.3877982738448278,-0.03031697781689035,0.028215243482907344,0.3820671378091873
cc|tsmom252|none|qqq200|vt20,4528,0.07058069311424853,0.07214102899337514,0.08859936887839841,0.8142386329228581,0.18530677903093706,0.3808856507212024,-0.03908315389796961,0.0297321664724132,0.38096289752650175
cc|tsmom252|p70x0|off|off,4528,0.12023010438356718,0.13107069424584472,0.1872025457017399,0.7001544437043761,0.525088814517419,0.2289709874967804,-0.07774564525453193,0.11316564415679839,0.5037544169611308
cc|tsmom252|p70x0|off|vt15,4528,0.06414541885472347,0.06486612916241548,0.07326682389643248,0.8853410822626631,0.16957397470512048,0.3782739595876591,-0.03031697781689035,0.028215243482907344,0.5028710247349824
cc|tsmom252|p70x0|off|vt20,4528,0.0821788411413451,0.0835288219801291,0.09523139053923549,0.8771143790630159,0.22056614451492373,0.37258139195421625,-0.03908315389796961,0.0297321664724132,0.5017667844522968
cc|tsmom252|p70x0|qqq200|off,4528,0.11385223909202291,0.12110236246674111,0.16283813171891529,0.7436978132111169,0.3610269600270307,0.31535661238013524,-0.07774564525453193,0.11316564415679839,0.38118374558303886
cc|tsmom252|p70x0|qqq200|vt15,4528,0.057088039675060376,0.05784201230852743,0.06804949761911061,0.8499991084766426,0.11535491404771037,0.4948904010404704,-0.03031697781689035,0.028215243482907344,0.38052120141342755
cc|tsmom252|p70x0|qqq200|vt20,4528,0.07312016498727303,0.07446861325682191,0.08811945415782292,0.845087091931457,0.1507232477918501,0.48512864510624476,-0.03908315389796961,0.0297321664724132,0.379416961130742
cc|tsmom252|p70x50|off|off,4528,0.11980877467950823,0.13088350399030363,0.18821200079544462,0.6954046683375541,0.5251322416811881,0.22814972147957557,-0.07774564525453193,0.11316564415679839,0.5183303886925795
cc|tsmom252|p70x50|off|vt15,4528,0.06409864473942495,0.06483712132882119,0.07347083530510251,0.8824878750809342,0.16928452197118793,0.37864445014255044,-0.03031697781689035,0.028215243482907344,0.517226148409894
cc|tsmom252|p70x50|off|vt20,4528,0.08210823626792774,0.08349014486867003,0.09551040084363621,0.8741471518411381,0.22020451352643156,0.3728726307786245,-0.03908315389796961,0.0297321664724132,0.5161219081272085
cc|tsmom252|p70x50|qqq200|off,4528,0.11015899571626275,0.11785552463143022,0.16330408391150347,0.7216936760460786,0.3610269600270307,0.30512678529053605,-0.07774564525453193,0.11316564415679839,0.3825088339222615
cc|tsmom252|p70x50|qqq200|vt15,4528,0.0561595765704197,0.056969168209734904,0.06813859268684731,0.8360778519678992,0.12888700537167652,0.4357272201993531,-0.03031697781689035,0.028215243482907344,0.3820671378091873
cc|tsmom252|p70x50|qqq200|vt20,4528,0.0718608319146159,0.07330482112509852,0.08824162668961778,0.830728352084236,0.1680392714106469,0.4276430819496092,-0.03908315389796961,0.0297321664724132,0.38096289752650175
cc|tsmom252|p80x0|off|off,4528,0.11838879777716627,0.12983417021845156,0.18938880168003844,0.6855430155675147,0.5283652010751185,0.22406622831380363,-0.07774564525453193,0.11316564415679839,0.5134717314487632
cc|tsmom252|p80x0|off|vt15,4528,0.06396400372920596,0.06473126037656861,0.0737531072186298,0.87767502709659,0.1697598749820317,0.3767910628820636,-0.03031697781689035,0.028215243482907344,0.5123674911660777
cc|tsmom252|p80x0|off|vt20,4528,0.08191578024597268,0.08334899693233326,0.095896364850947,0.8691570015389396,0.22080035073476245,0.3709947922337063,-0.03908315389796961,0.0297321664724132,0.5112632508833922
cc|tsmom252|p80x0|qqq200|off,4528,0.11421658635812992,0.12153872763494213,0.16352000497823735,0.743265190403569,0.3610269600270307,0.3163658092170688,-0.07774564525453193,0.11316564415679839,0.38140459363957596
cc|tsmom252|p80x0|qqq200|vt15,4528,0.05724524971657474,0.05800095623610433,0.0682002443921287,0.8504508561966163,0.11298794742967155,0.5066491693922185,-0.03031697781689035,0.028215243482907344,0.38074204946996465
cc|tsmom252|p80x0|qqq200|vt20,4528,0.07332812305709302,0.0746805384935911,0.08832642195444963,0.8455062125363146,0.14776116823370955,0.49626112146807105,-0.03908315389796961,0.0297321664724132,0.37963780918727913
cc|tsmom252|p80x50|off|off,4528,0.11877414617009285,0.13026524197660708,0.18984449301980544,0.6861681363757927,0.5283652010751185,0.22479555036632048,-0.07774564525453193,0.11316564415679839,0.5183303886925795
cc|tsmom252|p80x50|off|vt15,4528,0.06399847124804925,0.06476968693589774,0.0738347228923888,0.877225299948603,0.1697598749820317,0.37699409978254983,-0.03031697781689035,0.028215243482907344,0.517226148409894
cc|tsmom252|p80x50|off|vt20,4528,0.0819596118134387,0.08340023234477213,0.09600795895269901,0.8686804016515087,0.22080035073476245,0.37119330445218857,-0.03908315389796961,0.0297321664724132,0.5161219081272085
cc|tsmom252|p80x50|qqq200|off,4528,0.11031049589042263,0.11807370721553072,0.16381463873048324,0.7207762879469642,0.3610269600270307,0.305546422023894,-0.07774564525453193,0.11316564415679839,0.3825088339222615
cc|tsmom252|p80x50|qqq200|vt15,4528,0.05623541597726356,0.057048640173523346,0.06825167445713294,0.8358570046417554,0.12776237357937137,0.4401563183414697,-0.03031697781689035,0.028215243482907344,0.3820671378091873
cc|tsmom252|p80x50|qqq200|vt20,4528,0.07195983982829635,0.07341078374348312,0.08839686662725696,0.8304681664004488,0.1666573587565583,0.4317831529624226,-0.03908315389796961,0.0297321664724132,0.38096289752650175
cc|tsmom126|none|off|off,4528,0.1479039345460138,0.15545084993804242,0.18715240962985574,0.8306109990541308,0.46358605184787127,0.31904310743704045,-0.07774564525453193,0.11316564415679839,0.5163427561837456
cc|tsmom126|none|off|vt15,4528,0.06849036434715572,0.06884279690953427,0.07191372950292617,0.9572969916229008,0.15770161639338276,0.4343035024847698,-0.029604041468212147,0.028480494344995378,0.5165636042402827
cc|tsmom126|none|off|vt20,4528,0.08818745321002774,0.08890878785613691,0.09357005337869995,0.9501842164853984,0.20577069460827602,0.4285714901138351,-0.039068952896950955,0.030085834288530584,0.5170053003533569
cc|tsmom126|none|qqq200|off,4528,0.13861853286088843,0.14369134987444712,0.16652628502564548,0.862874890005012,0.3698526673726229,0.3747939249583176,-0.07774564525453193,0.11316564415679839,0.38869257950530034
cc|tsmom126|none|qqq200|vt15,4528,0.0637542299609779,0.06409827999917617,0.06759672990990653,0.9482452787968718,0.11792863910948526,0.5406170243496858,-0.029604041468212147,0.028480494344995378,0.38957597173144876
cc|tsmom126|none|qqq200|vt20,4528,0.08210952607871769,0.08277262395307573,0.08768172859047782,0.9440122279029155,0.1547544248574061,0.5305795046207893,-0.039068952896950955,0.030085834288530584,0.38979681978798586
cc|tsmom126|p70x0|off|off,4528,0.15047847654628543,0.15733946004844862,0.18524911090120233,0.8493398930932599,0.45941136370099,0.3275462655822006,-0.07774564525453193,0.11316564415679839,0.5006625441696113
cc|tsmom126|p70x0|off|vt15,4528,0.06886950166970207,0.06917116018547918,0.07154361964610353,0.9668389791799755,0.15834023531319597,0.4349463137621252,-0.029604041468212147,0.028480494344995378,0.5011042402826855
cc|tsmom126|p70x0|off|vt20,4528,0.08871507011897073,0.08934660555739679,0.09306435316843022,0.9600518621313044,0.2065717588406324,0.42946369153691205,-0.039068952896950955,0.030085834288530584,0.5015459363957597
cc|tsmom126|p70x0|qqq200|off,4528,0.14337398903940768,0.14766026458881998,0.16530673874950388,0.8932501222020698,0.3698526673726229,0.3876516291146815,-0.07774564525453193,0.11316564415679839,0.3869257950530035
cc|tsmom126|p70x0|qqq200|vt15,4528,0.06474334454813224,0.0650126065094406,0.0673691784517308,0.9650200284989575,0.11792863910948526,0.5490044236669631,-0.029604041468212147,0.028480494344995378,0.3878091872791519
cc|tsmom126|p70x0|qqq200|vt20,4528,0.08345854226676952,0.08399172596676167,0.08736997779262584,0.9613339511899327,0.1547544248574061,0.5392966459193005,-0.039068952896950955,0.030085834288530584,0.388030035335689
cc|tsmom126|p70x50|off|off,4528,0.14929133307173803,0.15639515499324552,0.18572835175100644,0.8420639795636266,0.4594505607196092,0.32493448879007175,-0.07774564525453193,0.11316564415679839,0.5163427561837456
cc|tsmom126|p70x50|off|vt15,4528,0.0686869660129441,0.06900697854750672,0.07163664099306402,0.9632916562096775,0.1580199522235759,0.4346727425645703,-0.029604041468212147,0.028480494344995378,0.5165636042402827
cc|tsmom126|p70x50|off|vt20,4528,0.08846398452337723,0.08912769670676685,0.09319145200392284,0.9563934759060849,0.20616959441841287,0.4290835647852279,-0.039068952896950955,0.030085834288530584,0.5170053003533569
cc|tsmom126|p70x50|qqq200|off,4528,0.1410503722578078,0.1456758072316336,0.16561597859072616,0.8795999544925001,0.3698526673726229,0.38136908207208076,-0.07774564525453193,0.11316564415679839,0.38869257950530034
cc|tsmom126|p70x50|qqq200|vt15,4528,0.06425267763159037,0.06455544325430837,0.06742701310002275,0.9574121748288831,0.11792863910948526,0.5448437132555902,-0.029604041468212147,0.028480494344995378,0.38957597173144876
cc|tsmom126|p70x50|qqq200|vt20,4528,0.08279105862695202,0.0833821749599187,0.08744918155877726,0.9534929140974865,0.1547544248574061,0.5349834662449064,-0.039068952896950955,0.030085834288530584,0.38979681978798586
cc|tsmom126|p80x0|off|off,4528,0.14894419823072136,0.15618438144698418,0.18622860362557306,0.8386702064361976,0.46358605184787127,0.3212870569272398,-0.07774564525453193,0.11316564415679839,0.510821554770318
cc|tsmom126|p80x0|off|vt15,4528,0.06872014445783359,0.06904693188697686,0.071761410944343,0.9621735550953499,0.15770161639338276,0.43576055863887214,-0.029604041468212147,0.028480494344995378,0.5110424028268551
cc|tsmom126|p80x0|off|vt20,4528,0.08850476162957177,0.08918096782606039,0.09336195977295737,0.9552173930681773,0.20577069460827602,0.4301135387527245,-0.039068952896950955,0.030085834288530584,0.5114840989399293
cc|tsmom126|p80x0|qqq200|off,4528,0.14435820707006863,0.14860028468563366,0.1657959936034064,0.8962839297618622,0.3698526673726229,0.3903127374896804,-0.07774564525453193,0.11316564415679839,0.3871466431095406
cc|tsmom126|p80x0|qqq200|vt15,4528,0.06508154545550404,0.06533756774613692,0.06747821361732755,0.9682764887148563,0.11792863910948526,0.551872267389452,-0.029604041468212147,0.028480494344995378,0.388030035335689
cc|tsmom126|p80x0|qqq200|vt20,4528,0.08391391105086576,0.08442500761569008,0.08751949003473776,0.964642362314732,0.1547544248574061,0.5422391710491365,-0.039068952896950955,0.030085834288530584,0.38825088339222613
cc|tsmom126|p80x50|off|off,4528,0.14847346258910843,0.15581761569251326,0.18646059390081804,0.8356597629169605,0.46358605184787127,0.3202716345698661,-0.07774564525453193,0.11316564415679839,0.5163427561837456
cc|tsmom126|p80x50|off|vt15,4528,0.06860815956629018,0.06894486439825555,0.07179971567167984,0.9602386827480107,0.15770161639338276,0.4350504524642844,-0.029604041468212147,0.028480494344995378,0.5165636042402827
cc|tsmom126|p80x50|off|vt20,4528,0.0883513694859428,0.08904487784109864,0.09341428447354062,0.9532254980374055,0.20577069460827602,0.42936808690924905,-0.039068952896950955,0.030085834288530584,0.5170053003533569
cc|tsmom126|p80x50|qqq200|off,4528,0.14151893389599102,0.1461458172800404,0.16598322867500634,0.8804854469133901,0.3698526673726229,0.38263596934779465,-0.07774564525453193,0.11316564415679839,0.38869257950530034
cc|tsmom126|p80x50|qqq200|vt15,4528,0.06441973177848537,0.06471792387265653,0.06750905237581227,0.9586554927831312,0.11792863910948526,0.5462602830401352,-0.029604041468212147,0.028480494344995378,0.38957597173144876
cc|tsmom126|p80x50|qqq200|vt20,4528,0.08301505640554852,0.08359881578438293,0.08756165876645047,0.954742257765611,0.1547544248574061,0.5364309064638397,-0.039068952896950955,0.030085834288530584,0.38979681978798586
cc|ma200|none|off|off,4528,0.14683747697065885,0.15315298616107273,0.17954039098479982,0.8530280307456772,0.41279678010479526,0.35571371688844505,-0.07774564525453193,0.10303292863103955,0.5178886925795053
cc|ma200|none|off|vt15,4528,0.07059152219357001,0.07076978208939107,0.07137747086406192,0.9914862663622785,0.13563409329470644,0.5204555910598997,-0.029604041468212147,0.028480494344995378,0.5187720848056537
cc|ma200|none|off|vt20,4528,0.09081029370810478,0.09124065078079928,0.09274241166653356,0.9838071831565687,0.17766839838556647,0.5111223747907782,-0.039068952896950955,0.030085834288530584,0.5203180212014135
cc|ma200|none|qqq200|off,4528,0.1303192832613509,0.13609928087113632,0.16479337609411657,0.8258783459439989,0.39642413116844644,0.32873700921596094,-0.07774564525453193,0.10303292863103955,0.38869257950530034
cc|ma200|none|qqq200|vt15,4528,0.06293073525818205,0.06335132857020374,0.0680025181348872,0.9316026863085051,0.12779431785291395,0.49243766323486116,-0.029604041468212147,0.028480494344995378,0.38935512367491165
cc|ma200|none|qqq200|vt20,4528,0.08077613615398671,0.08157975915784793,0.08813827572254247,0.9255883268542645,0.16732889760540548,0.482738709869904,-0.039068952896950955,0.030085834288530584,0.3906802120141343
cc|ma200|p70x0|off|off,4528,0.1480593521614877,0.15396782536762388,0.17813690097137463,0.8643230264366474,0.4086640322639231,0.3623009133964305,-0.07774564525453193,0.10303292863103955,0.5030918727915195
cc|ma200|p70x0|off|vt15,4528,0.07051297965762138,0.0706778386975135,0.07111680520555827,0.9938275277302465,0.13536826501955102,0.5208974174813964,-0.029604041468212147,0.028480494344995378,0.5039752650176679
cc|ma200|p70x0|off|vt20,4528,0.09071258893580336,0.09111805959162919,0.09238570906112134,0.9862787277126002,0.1773294950503045,0.5115482278346881,-0.039068952896950955,0.030085834288530584,0.5055212014134276
cc|ma200|p70x0|qqq200|off,4528,0.13523757619421284,0.14030713747567003,0.16396433285841983,0.8557174296974858,0.39642413116844644,0.34114365287401843,-0.07774564525453193,0.10303292863103955,0.3871466431095406
cc|ma200|p70x0|qqq200|vt15,4528,0.06403884514964853,0.06438349422394878,0.06785431606684136,0.9488489156758492,0.12779431785291395,0.5011087051879304,-0.029604041468212147,0.028480494344995378,0.3878091872791519
cc|ma200|p70x0|qqq200|vt20,4528,0.08228338930706025,0.08295598002950798,0.08793516338105066,0.9433766520684528,0.16732889760540548,0.49174643761235254,-0.039068952896950955,0.030085834288530584,0.38913427561837455
cc|ma200|p70x50|off|off,4528,0.14751991950436572,0.15356040576434832,0.1784895055629969,0.8603329662434972,0.4107108734338779,0.3591819185866175,-0.07774564525453193,0.10303292863103955,0.5178886925795053
cc|ma200|p70x50|off|vt15,4528,0.07055721996485831,0.07072381039345228,0.07118197052134392,0.9935635368824994,0.1355001935185206,0.5207167468378141,-0.029604041468212147,0.028480494344995378,0.5187720848056537
cc|ma200|p70x50|off|vt20,4528,0.09077043831854303,0.09117935518621423,0.09247489384337436,0.9859903742160072,0.17749727977601093,0.511390588256276,-0.039068952896950955,0.030085834288530584,0.5203180212014135
cc|ma200|p70x50|qqq200|off,4528,0.13281369755511752,0.13820320917340317,0.1641755545460083,0.8418013848381631,0.39642413116844644,0.3350292959302294,-0.07774564525453193,0.10303292863103955,0.38869257950530034
cc|ma200|p70x50|qqq200|vt15,4528,0.0634872492565608,0.06386741139707626,0.06789236818672792,0.9407156224307626,0.12779431785291395,0.49679242648043265,-0.029604041468212147,0.028480494344995378,0.38935512367491165
cc|ma200|p70x50|qqq200|vt20,4528,0.08153420518006693,0.08226786959367795,0.08798727294535105,0.9349973790502016,0.16732889760540548,0.4872691229481512,-0.039068952896950955,0.030085834288530584,0.3906802120141343
cc|ma200|p80x0|off|off,4528,0.14789439315709862,0.15394009580113757,0.17879131821397484,0.8610043112770404,0.41279678010479526,0.3582740958385218,-0.07774564525453193,0.10303292863103955,0.5125883392226148
cc|ma200|p80x0|off|vt15,4528,0.07076151840557388,0.07091976903841699,0.07125370340034173,0.9953134455335111,0.13563409329470644,0.5217089353177811,-0.029604041468212147,0.028480494344995378,0.5134717314487632
cc|ma200|p80x0|off|vt20,4528,0.09104550671844791,0.0914406333795005,0.09257308781023353,0.9877669152285979,0.17766839838556647,0.5124462625078986,-0.039068952896950955,0.030085834288530584,0.515017667844523
cc|ma200|p80x0|qqq200|off,4528,0.13562074615509334,0.14068554332267078,0.16421621459350333,0.8567092090809681,0.39642413116844644,0.34211021855646345,-0.07774564525453193,0.10303292863103955,0.3873674911660777
cc|ma200|p80x0|qqq200|vt15,4528,0.06416230503762432,0.0645032800176423,0.06790956243870741,0.9498409016529964,0.12779431785291395,0.5020747879531899,-0.029604041468212147,0.028480494344995378,0.388030035335689
cc|ma200|p80x0|qqq200|vt20,4528,0.08244902869221615,0.08311569442109934,0.08801096963130176,0.9443788060657683,0.16732889760540548,0.4927363406567538,-0.039068952896950955,0.030085834288530584,0.38935512367491165
cc|ma200|p80x50|off|off,4528,0.14740432062064412,0.15354654098110512,0.17897955208776656,0.8578999063860111,0.41279678010479526,0.357086895356168,-0.07774564525453193,0.10303292863103955,0.5178886925795053
cc|ma200|p80x50|off|vt15,4528,0.07067886980729421,0.07084477556390403,0.07128481347969672,0.9938270454208593,0.13563409329470644,0.5210995855866623,-0.029604041468212147,0.028480494344995378,0.5187720848056537
cc|ma200|p80x50|off|vt20,4528,0.09093215719847603,0.0913406420801499,0.09261564371797765,0.9862334095338123,0.17766839838556647,0.5118082789328686,-0.039068952896950955,0.030085834288530584,0.5203180212014135
cc|ma200|p80x50|qqq200|off,4528,0.1329933443595097,0.13839241209690356,0.1643645902727539,0.8419843463074926,0.39642413116844644,0.3354824641161889,-0.07774564525453193,0.10303292863103955,0.38869257950530034
cc|ma200|p80x50|qqq200|vt15,4528,0.06354794711897482,0.06392730429392302,0.06793389863356478,0.9410221638941507,0.12779431785291395,0.4972673917483242,-0.029604041468212147,0.028480494344995378,0.38935512367491165
cc|ma200|p80x50|qqq200|vt20,4528,0.08161516351029174,0.08234772678947364,0.08804425218983168,0.9352992925866892,0.16732889760540548,0.48775295049607265,-0.039068952896950955,0.030085834288530584,0.3906802120141343
cc|ma100|none|off|off,4528,0.11823506796302197,0.1289669055893927,0.18547484604896525,0.695333671043164,0.5518392256894918,0.2142563675412779,-0.06726586592685309,0.0774037949005911,0.5128091872791519
cc|ma100|none|off|vt15,4528,0.05861534026040416,0.05937125794953288,0.06930327079462294,0.8566876753259868,0.18520238920335497,0.31649343462866264,-0.027263288772509216,0.019921816892095177,0.5145759717314488
cc|ma100|none|off|vt20,4528,0.07519985382132721,0.07659016018411574,0.09022025380671485,0.8489242376573246,0.24071644303985584,0.31240015377294456,-0.035947949302680374,0.026390358650112387,0.5154593639575972
cc|ma100|none|qqq200|off,4528,0.10324550181344616,0.11019520541371175,0.15438784820717966,0.7137556918717858,0.4870133660727577,0.2119972653851593,-0.06726586592685309,0.0774037949005911,0.38648409893992935
cc|ma100|none|qqq200|vt15,4528,0.05206204410280968,0.05281287901352392,0.06409415006604045,0.8239890685672141,0.15873450437021275,0.3279818985126674,-0.027263288772509216,0.019921816892095177,0.38670494699646646
cc|ma100|none|qqq200|vt20,4528,0.06676163416527259,0.06809352540113323,0.08311729987045714,0.8192461197279112,0.20642390518717202,0.3234200714531459,-0.035947949302680374,0.024962813147930422,0.3875883392226148
cc|ma100|p70x0|off|off,4528,0.11488645826028088,0.12555589805401085,0.18322899268093193,0.6852403444287289,0.5525738796183497,0.20791148930099693,-0.06726586592685309,0.0774037949005911,0.5002208480565371
cc|ma100|p70x0|off|vt15,4528,0.057999119851866565,0.05876702662705415,0.06898718079225663,0.8518543003521369,0.18565432256923842,0.3124038215174668,-0.027263288772509216,0.019921816892095177,0.5015459363957597
cc|ma100|p70x0|off|vt20,4528,0.07437590277994799,0.07578451842081077,0.08978845761815415,0.8440340822325034,0.24127763680672443,0.30825858444364174,-0.035947949302680374,0.026390358650112387,0.5024293286219081
cc|ma100|p70x0|qqq200|off,4528,0.10507633917527759,0.11182728199521778,0.15421456730429275,0.7251408472622608,0.4870133660727577,0.21575658184210827,-0.06726586592685309,0.0774037949005911,0.38515901060070673
cc|ma100|p70x0|qqq200|vt15,4528,0.05254554575082149,0.05327045391735521,0.06406308196020719,0.831531239012887,0.15873450437021275,0.33102787550380824,-0.027263288772509216,0.019921816892095177,0.38515901060070673
cc|ma100|p70x0|qqq200|vt20,4528,0.06741625984518196,0.06870362527290828,0.08307477587770633,0.8270094568060744,0.20642390518717202,0.3265913402038063,-0.035947949302680374,0.024962813147930422,0.38604240282685515
cc|ma100|p70x50|off|off,4528,0.1166740128413668,0.1272614018217018,0.18379071661650556,0.6924256249963003,0.5522046271300476,0.21128764068449096,-0.06726586592685309,0.0774037949005911,0.5128091872791519
cc|ma100|p70x50|off|vt15,4528,0.05831299158334868,0.05906914228829351,0.0690658287524974,0.8552585751192857,0.18542821983275581,0.31447743841764325,-0.027263288772509216,0.019921816892095177,0.5145759717314488
cc|ma100|p70x50|off|vt20,4528,0.07479827528610139,0.07618733930246326,0.08989592717329427,0.8475060183271187,0.24099681454490107,0.3103703898632462,-0.035947949302680374,0.026390358650112387,0.5154593639575972
cc|ma100|p70x50|qqq200|off,4528,0.10416773687632896,0.11101124370446477,0.15425907979604242,0.7196415527127552,0.4870133660727577,0.21389091990704576,-0.06726586592685309,0.0774037949005911,0.38648409893992935
cc|ma100|p70x50|qqq200|vt15,4528,0.05230426571200386,0.05304166646543956,0.06407122790358324,0.8278546892414583,0.15873450437021275,0.3295078528737259,-0.027263288772509216,0.019921816892095177,0.38670494699646646
cc|ma100|p70x50|qqq200|vt20,4528,0.067089795747173,0.06839857533702076,0.08308590951521179,0.8232271360584673,0.20642390518717202,0.3250098174740966,-0.035947949302680374,0.024962813147930422,0.3875883392226148
cc|ma100|p80x0|off|off,4528,0.11870784143776403,0.12935241084465907,0.18527335145819257,0.698170621012638,0.5518392256894918,0.21511309075473078,-0.06726586592685309,0.0774037949005911,0.5079505300353356
cc|ma100|p80x0|off|vt15,4528,0.058651185531877204,0.05940224219860295,0.06926165287758355,0.8576497922103214,0.18520238920335497,0.31668698111381993,-0.027263288772509216,0.019921816892095177,0.5094964664310954
cc|ma100|p80x0|off|vt20,4528,0.0752497709720672,0.07663147251620916,0.09016342374111691,0.8499175090803831,0.24071644303985584,0.3126075228670937,-0.035947949302680374,0.026390358650112387,0.5103798586572438
cc|ma100|p80x0|qqq200|off,4528,0.1050530414340396,0.11181078308234262,0.15424443841770236,0.7248934498341711,0.4870133660727577,0.215708743850667,-0.06726586592685309,0.0774037949005911,0.38537985865724383
cc|ma100|p80x0|qqq200|vt15,4528,0.052525446760496086,0.05325166749126851,0.0640679770517273,0.8311744796979323,0.15873450437021275,0.33090125533130604,-0.027263288772509216,0.019921816892095177,0.38537985865724383
cc|ma100|p80x0|qqq200|vt20,4528,0.06738893603136353,0.06867857670479269,0.08308148392324703,0.826641189608985,0.20642390518717202,0.3264589727156821,-0.035947949302680374,0.024962813147930422,0.38626325088339225
cc|ma100|p80x50|off|off,4528,0.1184818353781627,0.12915965821702588,0.18532401264281612,0.6969396808062941,0.5518392256894918,0.21470354020254062,-0.06726586592685309,0.0774037949005911,0.5128091872791519
cc|ma100|p80x50|off|vt15,4528,0.05863402385722094,0.05938675007406791,0.06927208606552109,0.8572969784379941,0.18520238920335497,0.31659431667935944,-0.027263288772509216,0.019921816892095177,0.5145759717314488
cc|ma100|p80x50|off|vt20,4528,0.07522618646775037,0.07661081635016245,0.09017766945071935,0.8495541836111548,0.24071644303985584,0.31250954657590646,-0.035947949302680374,0.026390358650112387,0.5154593639575972
cc|ma100|p80x50|qqq200|off,4528,0.10415483426230088,0.11100299424802718,0.1542814651716129,0.7194836665866149,0.4870133660727577,0.21386442656019547,-0.06726586592685309,0.0774037949005911,0.38648409893992935
cc|ma100|p80x50|qqq200|vt15,4528,0.052294137116173145,0.053032273252396206,0.06407488316479805,0.827660865428335,0.15873450437021275,0.3294440444669091,-0.027263288772509216,0.019921816892095177,0.38670494699646646
cc|ma100|p80x50|qqq200|vt20,4528,0.06707599131523723,0.06838605105296296,0.08309091919946573,0.8230267725020266,0.20642390518717202,0.32494294328177253,-0.035947949302680374,0.024962813147930422,0.3875883392226148
on|always|none|off|off,4528,0.20505365661012243,0.20278987633776202,0.17992674815096465,1.1270690901811575,0.34576517911597604,0.5930431084309494,-0.09485507778858378,0.09709794760314233,0.5673586572438163
on|always|none|off|vt15,4528,0.08537692164497801,0.08358916302017844,0.05740449239048199,1.45614323094403,0.0970845363329591,0.8794080382911971,-0.03191287057060496,0.017873128238377497,0.5605123674911661
on|always|none|off|vt20,4528,0.1124875599428865,0.109459363088523,0.07531170925111104,1.4534175917260594,0.12803608987386061,0.8785613498015106,-0.04227194555653746,0.021157537495673284,0.5622791519434629
on|always|none|qqq200|off,4528,0.18705448338474295,0.17716999716087356,0.10624277562579554,1.6675957129065915,0.1690403070446539,1.1065673427541185,-0.05298272647758894,0.05179640115440958,0.4112190812720848
on|always|none|qqq200|vt15,4528,0.07704534520835016,0.07525289099159822,0.04518444187818495,1.665460230635942,0.08340919096660537,0.9237033031431379,-0.026406641033511688,0.017873128238377497,0.40613957597173145
on|always|none|qqq200|vt20,4528,0.1015570909681427,0.09846728806472206,0.05873166071678259,1.6765622981368378,0.10300674504679175,0.9859266101652806,-0.03238033282283469,0.020374743984044184,0.40746466431095407
on|always|p70x0|off|off,4528,0.21233416862134558,0.20670848085424187,0.16782269422236487,1.2317075578607586,0.2727604530342558,0.778463909482797,-0.09485507778858378,0.09709794760314233,0.5435070671378092
on|always|p70x0|off|vt15,4528,0.08563554621031799,0.08373921442266286,0.055844371862045966,1.4995103647960506,0.08070963053359326,1.06103256382365,-0.03191287057060496,0.017873128238377497,0.5371024734982333
on|always|p70x0|off|vt20,4528,0.11288460045305171,0.10965943162516893,0.07319669117539071,1.4981473870507043,0.10680818948443294,1.0568908713643572,-0.04227194555653746,0.021157537495673284,0.5388692579505301
on|always|p70x0|qqq200|off,4528,0.18941226469015038,0.17901104045219113,0.10486583401788206,1.7070482691404103,0.1690403070446539,1.1205153847721951,-0.05298272647758894,0.05179640115440958,0.4090106007067138
on|always|p70x0|qqq200|vt15,4528,0.07751763237551978,0.07568006502872697,0.04493156866886854,1.6843405932800861,0.08010429503214489,0.9677088144201618,-0.026406641033511688,0.017873128238377497,0.4041519434628975
on|always|p70x0|qqq200|vt20,4528,0.10220666817692692,0.09903685344756037,0.05838582498117447,1.6962482499732279,0.09868933300019711,1.0356404797742709,-0.03238033282283469,0.020374743984044184,0.40547703180212014
on|always|p70x50|off|off,4528,0.20932536273968294,0.20474917859600195,0.17093378458453684,1.197827445836147,0.30905032920758213,0.6773180383803565,-0.09485507778858378,0.09709794760314233,0.5673586572438163
on|always|p70x50|off|vt15,4528,0.08553015279896048,0.08366418872142065,0.056238681301973736,1.4876627044682214,0.08888817215988576,0.9622219775777917,-0.03191287057060496,0.017873128238377497,0.5605123674911661
on|always|p70x50|off|vt20,4528,0.11272964767807658,0.10955939735684596,0.07373142903148851,1.4859253210738177,0.11740726181592831,0.9601590730802895,-0.04227194555653746,0.021157537495673284,0.5622791519434629
on|always|p70x50|qqq200|off,4528,0.18827522882686276,0.17809051880653234,0.10521486705185558,1.6926364476491682,0.1690403070446539,1.1137889661850162,-0.05298272647758894,0.05179640115440958,0.4112190812720848
on|always|p70x50|qqq200|vt15,4528,0.07728448389218157,0.0754664780101626,0.04499563314789551,1.6771956016734535,0.08175679405866254,0.9452973882112845,-0.026406641033511688,0.017873128238377497,0.40613957597173145
on|always|p70x50|qqq200|vt20,4528,0.10188731763052816,0.09875207075614122,0.058473432915916335,1.6888365507485217,0.10084812796165499,1.0103045013316292,-0.03238033282283469,0.020374743984044184,0.40746466431095407
on|always|p80x0|off|off,4528,0.21262333942959555,0.2077746920634998,0.17268586584900433,1.2031945465946643,0.34576517911597604,0.6149356623278649,-0.09485507778858378,0.09709794760314233,0.5567579505300353
on|always|p80x0|off|vt15,4528,0.0865892566502593,0.08466087322792638,0.0566146492325364,1.4953881084769105,0.0970845363329591,0.8918954544243234,-0.03191287057060496,0.017873128238377497,0.5501325088339223
on|always|p80x0|off|vt20,4528,0.11416678049817142,0.11088831003218692,0.07424132540543742,1.493619751891788,0.12803608987386061,0.8916765625273855,-0.04227194555653746,0.021157537495673284,0.5518992932862191
on|always|p80x0|qqq200|off,4528,0.19281871145368568,0.1819301058522072,0.10542587085691885,1.7256685135579088,0.1690403070446539,1.1406670682558004,-0.05298272647758894,0.05179640115440958,0.409452296819788
on|always|p80x0|qqq200|vt15,4528,0.0784609484145391,0.07656059552804197,0.04504815538178943,1.6995278692141818,0.08010429503214511,0.9794849125512365,-0.026406641033511688,0.017873128238377497,0.4045936395759717
on|always|p80x0|qqq200|vt20,4528,0.10349078328057537,0.10021089411331371,0.05854546658341886,1.7116764108545897,0.09868933300019744,1.0486521707504937,-0.03238033282283469,0.020374743984044184,0.40591872791519434
on|always|p80x50|off|off,4528,0.2092194492314381,0.2052822842006309,0.17453014159202007,1.176199608434953,0.34576517911597604,0.6050911481785215,-0.09485507778858378,0.09709794760314233,0.5673586572438163
on|always|p80x50|off|vt15,4528,0.08599503599685754,0.08412501812405239,0.056814724155504495,1.4806904261965326,0.0970845363329591,0.8857748025074843,-0.03191287057060496,0.017873128238377497,0.5605123674911661
on|always|p80x50|off|vt20,4528,0.11334893054088058,0.11017383656035497,0.07451247309937105,1.4785958910990022,0.12803608987386061,0.8852889107481365,-0.04227194555653746,0.021157537495673284,0.5622791519434629
on|always|p80x50|qqq200|off,4528,0.1899582608129946,0.17955005150654035,0.10563882418502739,1.6996596932209012,0.1690403070446539,1.1237453607015455,-0.05298272647758894,0.05179640115440958,0.4112190812720848
on|always|p80x50|qqq200|vt15,4528,0.07775447206846109,0.07590674325982008,0.04508446923730306,1.6836561357811117,0.08175679405866221,0.9510460012983218,-0.026406641033511688,0.017873128238377497,0.40613957597173145
on|always|p80x50|qqq200|vt20,4528,0.10252635060802473,0.0993390910890179,0.058595029614281285,1.695350130257569,0.10084812796165443,1.0166410887370008,-0.03238033282283469,0.020374743984044184,0.40746466431095407
on|tsmom252|none|off|off,4528,0.15382452568957938,0.14807573878070496,0.09949077469059846,1.4883363733089678,0.2418154388329441,0.6361236752788461,-0.060930975518388615,0.04623462063118455,0.5359982332155477
on|tsmom252|none|off|vt15,4528,0.0665895170892381,0.0652854116346355,0.040275704085207475,1.6209626403182764,0.07446194428380781,0.8942758308248793,-0.022591585504171847,0.017873128238377497,0.5335689045936396
on|tsmom252|none|off|vt20,4528,0.0872921686476762,0.08507050127608581,0.0522738133275592,1.6274018645438275,0.09833827041491372,0.8876724013892937,-0.02729359211704823,0.019460868421819048,0.534452296819788
on|tsmom252|none|qqq200|off,4528,0.148695669522654,0.14211659041399843,0.0831520894102259,1.7091162882615574,0.08481053830698959,1.7532687858249258,-0.041433926351005616,0.04623462063118455,0.40636042402826855
on|tsmom252|none|qqq200|vt15,4528,0.0629845908724691,0.06175990399689442,0.0366672011769961,1.684336464590614,0.046622157469519476,1.3509583059009447,-0.022591585504171847,0.017873128238377497,0.4034893992932862
on|tsmom252|none|qqq200|vt20,4528,0.08257246928260975,0.0804722891501664,0.04733544116906898,1.7000430789847685,0.057328949814807184,1.4403276102099911,-0.02729359211704823,0.019460868421819048,0.4043727915194346
on|tsmom252|p70x0|off|off,4528,0.15246949096670126,0.14659759053044277,0.09639341315681518,1.5208258088335787,0.23508082065541802,0.6485832852786888,-0.060930975518388615,0.04580989249842606,0.5220848056537103
on|tsmom252|p70x0|off|vt15,4528,0.06596008975791823,0.0646707563073732,0.03966941361326278,1.6302423055165014,0.07308689247165567,0.9024886341076639,-0.022591585504171847,0.017873128238377497,0.519434628975265
on|tsmom252|p70x0|off|vt20,4528,0.0864484608558489,0.08425096083973611,0.051442879745257526,1.6377574750274966,0.09655110880487072,0.8953647651065383,-0.02729359211704823,0.019460868421819048,0.5203180212014135
on|tsmom252|p70x0|qqq200|off,4528,0.15064647834239553,0.14367842747074708,0.08149040342918387,1.7631330981887374,0.08481053830698915,1.7762707483013453,-0.041433926351005616,0.04580989249842606,0.4039310954063604
on|tsmom252|p70x0|qqq200|vt15,4528,0.06338427262956836,0.06212532933322462,0.036376163286844405,1.707858215923847,0.04662215746951959,1.3595310914345273,-0.022591585504171847,0.017873128238377497,0.4010600706713781
on|tsmom252|p70x0|qqq200|vt20,4528,0.08312026764645153,0.08095952293193999,0.04693461997753143,1.7249425471154765,0.057328949814807295,1.449882963406085,-0.02729359211704823,0.019460868421819048,0.4019434628975265
on|tsmom252|p70x50|off|off,4528,0.15323403499929333,0.14733666465557385,0.09717479660798127,1.5162024495914677,0.23844768735271604,0.6426316677696556,-0.060930975518388615,0.04580989249842606,0.5359982332155477
on|tsmom252|p70x50|off|vt15,4528,0.0662812430463553,0.06497808397100435,0.03982086111938129,1.6317598902796893,0.07377431953101843,0.8984324554628705,-0.022591585504171847,0.017873128238377497,0.5335689045936396
on|tsmom252|p70x50|off|vt20,4528,0.086881977600757,0.08466073105791097,0.05165053987035609,1.6391064114801344,0.09744451873168558,0.8916045636182715,-0.02729359211704823,0.019460868421819048,0.534452296819788
on|tsmom252|p70x50|qqq200|off,4528,0.14970934372105105,0.14289750894237274,0.08191170381945435,1.7445310288910634,0.0848105383069897,1.7652210056626025,-0.041433926351005616,0.04580989249842606,0.40636042402826855
on|tsmom252|p70x50|qqq200|vt15,4528,0.06318720037513237,0.06194261666505953,0.03644975865597554,1.6993971688453064,0.04662215746951981,1.3553040829661798,-0.022591585504171847,0.017873128238377497,0.4034893992932862
on|tsmom252|p70x50|qqq200|vt20,4528,0.08285137305290569,0.08071590604105319,0.0470359776722193,1.716046099935245,0.057328949814807184,1.4451925828145287,-0.02729359211704823,0.019460868421819048,0.4043727915194346
on|tsmom252|p80x0|off|off,4528,0.15594222011623549,0.14977105016137535,0.09808573546377639,1.5269401758901695,0.2418154388329441,0.6448811575838492,-0.060930975518388615,0.04623462063118455,0.5306978798586572
on|tsmom252|p80x0|off|vt15,4528,0.06712312601025561,0.06577593952934084,0.04003260420443918,1.6430592222638118,0.07446194428380781,0.9014420272779786,-0.022591585504171847,0.017873128238377497,0.5282685512367491
on|tsmom252|p80x0|off|vt20,4528,0.08802218631037051,0.08572453846902628,0.05194087382352904,1.6504254194929109,0.09833827041491372,0.8950959371054923,-0.02729359211704823,0.019460868421819048,0.5291519434628975
on|tsmom252|p80x0|qqq200|off,4528,0.1537842452975784,0.14646042919521446,0.08221049934820403,1.781529492661013,0.08481053830698992,1.8132681193570939,-0.041433926351005616,0.04623462063118455,0.4043727915194346
on|tsmom252|p80x0|qqq200|vt15,4528,0.0642502091789885,0.06294473339620495,0.03652051320668689,1.723544601905534,0.046622157469519365,1.3781045894539308,-0.022591585504171847,0.017873128238377497,0.4015017667844523
on|tsmom252|p80x0|qqq200|vt20,4528,0.08429386012401885,0.08205206168258042,0.047133657870584704,1.7408379784117642,0.057328949814807184,1.4703541648036094,-0.02729359211704823,0.019460868421819048,0.4023851590106007
on|tsmom252|p80x50|off|off,4528,0.15492292979898403,0.14892339447104014,0.098441434804447,1.512812107695048,0.2418154388329441,0.6406659994360867,-0.060930975518388615,0.04623462063118455,0.5359982332155477
on|tsmom252|p80x50|off|vt15,4528,0.06685886104201488,0.06553067558198818,0.04009431588514209,1.6344131115670724,0.07446194428380781,0.8978930336170894,-0.022591585504171847,0.017873128238377497,0.5335689045936396
on|tsmom252|p80x50|off|vt20,4528,0.08766178179964257,0.08539751987255606,0.05202537783436538,1.6414589076976718,0.09833827041491372,0.8914309904961275,-0.02729359211704823,0.019460868421819048,0.534452296819788
on|tsmom252|p80x50|qqq200|off,4528,0.15125922324134988,0.14428850980460645,0.08245456159021756,1.7499154324740827,0.08481053830698926,1.783495615766945,-0.041433926351005616,0.04623462063118455,0.40636042402826855
on|tsmom252|p80x50|qqq200|vt15,4528,0.06361856723085069,0.06235231869654969,0.03655926463479077,1.7055134811769044,0.046622157469519254,1.3645564830937604,-0.022591585504171847,0.017873128238377497,0.4034893992932862
on|tsmom252|p80x50|qqq200|vt20,4528,0.08343528129824973,0.0812621754163734,0.04718691049798848,1.7221338409056788,0.05732894981480752,1.4553778076831123,-0.02729359211704823,0.019460868421819048,0.4043727915194346
on|tsmom126|none|off|off,4528,0.14770471687180886,0.14241717107125462,0.09616214454016019,1.4810107631467906,0.2891559055938008,0.5108134193852533,-0.041433926351005616,0.04372059952642371,0.5291519434628975
on|tsmom126|none|off|vt15,4528,0.06455992889797013,0.06331716172033273,0.03868752086903016,1.63663011477737,0.08849660828541184,0.7295186804194446,-0.017587550531087896,0.017623480718298543,0.5291519434628975
on|tsmom126|none|off|vt20,4528,0.08465138160402841,0.08253329199797312,0.050248285348172814,1.642509618509287,0.11658857267779954,0.7260692850059007,-0.021757440312561934,0.019460868421819048,0.5289310954063604
on|tsmom126|none|qqq200|off,4528,0.15047179029327884,0.1438185965448595,0.08503800494866064,1.6912273122080657,0.13735438356494134,1.0955004593802102,-0.041433926351005616,0.04372059952642371,0.4034893992932862
on|tsmom126|none|qqq200|vt15,4528,0.06310046768814082,0.06185542984687322,0.036301098124202104,1.7039547849279504,0.04531405426255097,1.392514280945484,-0.017587550531087896,0.017623480718298543,0.4037102473498233
on|tsmom126|none|qqq200|vt20,4528,0.08279052953951349,0.0806569772539376,0.04698603098047951,1.7166160999520643,0.060055597800179106,1.3785647395431735,-0.021757440312561934,0.019460868421819048,0.4034893992932862
on|tsmom126|p70x0|off|off,4528,0.14875408652831656,0.1431836426491914,0.09459962993130681,1.5135750821981406,0.27291225528370866,0.5450619517752245,-0.041433926351005616,0.04372059952642371,0.515017667844523
on|tsmom126|p70x0|off|vt15,4528,0.06437851996638666,0.06313537388016151,0.038392802309427355,1.644458598549828,0.08515209933755497,0.7560414889030639,-0.017587550531087896,0.017623480718298543,0.5152385159010601
on|tsmom126|p70x0|off|vt20,4528,0.08441040032031744,0.08229090821107818,0.049844766662558423,1.650943794524614,0.11226287022713877,0.7518995385520778,-0.021757440312561934,0.019460868421819048,0.515017667844523
on|tsmom126|p70x0|qqq200|off,4528,0.15133092706745122,0.14447345205952558,0.0839356985335417,1.7212396463441866,0.13735438356494134,1.1017553509379026,-0.041433926351005616,0.04372059952642371,0.4010600706713781
on|tsmom126|p70x0|qqq200|vt15,4528,0.06320365839721576,0.0619454743039246,0.036105698230545616,1.7156703052350444,0.04531405426255097,1.394791515034428,-0.017587550531087896,0.017623480718298543,0.4015017667844523
on|tsmom126|p70x0|qqq200|vt20,4528,0.08293402348594325,0.0807770365300061,0.04671762344789921,1.729048495373291,0.060055597800179106,1.3809540912720033,-0.021757440312561934,0.019460868421819048,0.4012809187279152
on|tsmom126|p70x50|off|off,4528,0.14827144442374895,0.14280040686022302,0.09499381451693663,1.5032600552614177,0.2810616316054765,0.527540680585944,-0.041433926351005616,0.04372059952642371,0.5291519434628975
on|tsmom126|p70x50|off|vt15,4528,0.06447224050244738,0.06322626780024711,0.038466397573565556,1.6436753059427835,0.08682521985514136,0.7425519982559498,-0.017587550531087896,0.017623480718298543,0.5291519434628975
on|tsmom126|p70x50|off|vt20,4528,0.08453634578527036,0.08241210010452564,0.04994555569556134,1.6500387062837225,0.11442721530888389,0.7387783191006934,-0.021757440312561934,0.019460868421819048,0.5289310954063604
on|tsmom126|p70x50|qqq200|off,4528,0.15092748975448078,0.14414602430219253,0.084213742618726,1.711668663804758,0.13735438356494134,1.0988181508100325,-0.041433926351005616,0.04372059952642371,0.4034893992932862
on|tsmom126|p70x50|qqq200|vt15,4528,0.06315392226359173,0.06190045207539892,0.03615480029529701,1.7120949796381777,0.04531405426255097,1.3936939276648264,-0.017587550531087896,0.017623480718298543,0.4037102473498233
on|tsmom126|p70x50|qqq200|vt20,4528,0.08286563498511512,0.08071700689197185,0.0467850753838014,1.7252725624530862,0.060055597800179106,1.3798153381276972,-0.021757440312561934,0.019460868421819048,0.4034893992932862
on|tsmom126|p80x0|off|off,4528,0.14967581027905652,0.14406777793219705,0.09547281821192022,1.5089926183221176,0.2891559055938008,0.517630134413777,-0.041433926351005616,0.04372059952642371,0.5240724381625441
on|tsmom126|p80x0|off|vt15,4528,0.06501963308781078,0.06374472647730811,0.03857690903955209,1.6524062726734272,0.08849660828541184,0.7347132771248691,-0.017587550531087896,0.017623480718298543,0.5242932862190812
on|tsmom126|p80x0|off|vt20,4528,0.08527794573584924,0.08310337834060698,0.05009695802111045,1.65885078901573,0.11658857267779954,0.7314434320378949,-0.021757440312561934,0.019460868421819048,0.5240724381625441
on|tsmom126|p80x0|qqq200|off,4528,0.15415169243245996,0.14697075522175254,0.08453273135288368,1.738625416091431,0.13735438356494134,1.1222917567794757,-0.041433926351005616,0.04372059952642371,0.4015017667844523
on|tsmom126|p80x0|qqq200|vt15,4528,0.06398168491973633,0.06268152506852938,0.036227366833274925,1.7302258084889637,0.04531405426255097,1.4119611665957883,-0.017587550531087896,0.017623480718298543,0.4019434628975265
on|tsmom126|p80x0|qqq200|vt20,4528,0.08398860787470097,0.08175843754947915,0.04688492421510017,1.743810807379898,0.060055597800179106,1.3985142260035999,-0.021757440312561934,0.019460868421819048,0.4017226148409894
on|tsmom126|p80x50|off|off,4528,0.14870864106338555,0.14324247450172584,0.09564808258294451,1.4975990174973788,0.2891559055938008,0.5142853325371395,-0.041433926351005616,0.04372059952642371,0.5291519434628975
on|tsmom126|p80x50|off|vt15,4528,0.06479086600898887,0.06353094409882042,0.03860529225839102,1.6456537532107842,0.08849660828541184,0.732128239310944,-0.017587550531087896,0.017623480718298543,0.5291519434628975
on|tsmom126|p80x50|off|vt20,4528,0.08496662961520896,0.08281833516929005,0.05013577034712151,1.6518811737784533,0.11658857267779954,0.728773220768557,-0.021757440312561934,0.019460868421819048,0.5289310954063604
on|tsmom126|p80x50|qqq200|off,4528,0.1523222289117776,0.14539467588330607,0.08466476229018087,1.7172985779488623,0.13735438356494134,1.1089724620238235,-0.041433926351005616,0.04372059952642371,0.4034893992932862
on|tsmom126|p80x50|qqq200|vt15,4528,0.06354164344410207,0.062268477457701324,0.03624723126809368,1.71788231209021,0.04531405426255097,1.402250239538045,-0.017587550531087896,0.017623480718298543,0.4037102473498233
on|tsmom126|p80x50|qqq200|vt20,4528,0.0833905966038806,0.08120770740170836,0.046912126185113305,1.7310600479131157,0.060055597800179106,1.3885565985263058,-0.021757440312561934,0.019460868421819048,0.4034893992932862
on|ma200|none|off|off,4528,0.13979489673333112,0.13512639023931383,0.09215480696461999,1.4662977948745688,0.31780220426001604,0.4398801986249133,-0.04444693517729347,0.04146238711452721,0.5245141342756183
on|ma200|none|off|vt15,4528,0.06303159724954854,0.0618740055162985,0.038521656329212624,1.6062135279831358,0.09451990991574799,0.6668605302917966,-0.022370398631715294,0.017623480718298543,0.5200971731448764
on|ma200|none|off|vt20,4528,0.0827545698054295,0.08076673761283706,0.049923379112590135,1.6178139190195273,0.1242897497667822,0.6658197474909276,-0.027383081047587566,0.019460868421819048,0.5192137809187279
on|ma200|none|qqq200|off,4528,0.14959130156492106,0.14294215716857336,0.08369413052461101,1.7079113705176725,0.10574474465542372,1.4146452578080762,-0.03752568635600044,0.04146238711452721,0.4048144876325088
on|ma200|none|qqq200|vt15,4528,0.06296230081923837,0.061734922113191704,0.036555717691192334,1.6887897711297295,0.06081619159270557,1.0352884514851832,-0.022370398631715294,0.017623480718298543,0.40216431095406363
on|ma200|none|qqq200|vt20,4528,0.0827917352955061,0.08067040616936412,0.047237800082892294,1.7077511236299048,0.07453427613642061,1.1107874066419026,-0.027383081047587566,0.019460868421819048,0.4012809187279152
on|ma200|p70x0|off|off,4528,0.14041133063151867,0.13556503660730687,0.09103575846812842,1.4891405189397982,0.30125696580541006,0.4660849260568272,-0.04444693517729347,0.04146238711452721,0.5106007067137809
on|ma200|p70x0|off|vt15,4528,0.06260975457402274,0.06146929254834785,0.038320774242425845,1.604072301866326,0.09100911415095714,0.6879503790155754,-0.022370398631715294,0.017623480718298543,0.5066254416961131
on|ma200|p70x0|off|vt20,4528,0.08218546185534348,0.08022712032223621,0.04964769993844389,1.6159282388047476,0.11975857601155626,0.686259511364037,-0.027383081047587566,0.019460868421819048,0.5057420494699647
on|ma200|p70x0|qqq200|off,4528,0.15083756603016418,0.14397389591476653,0.08306416492605415,1.7332852986957226,0.10574474465542372,1.42643085026758,-0.03752568635600044,0.04146238711452721,0.4023851590106007
on|ma200|p70x0|qqq200|vt15,4528,0.06318993027809316,0.06194526346687947,0.036450469525334483,1.6994366402831964,0.06081619159270657,1.0390313602877965,-0.022370398631715294,0.017623480718298543,0.3999558303886926
on|ma200|p70x0|qqq200|vt20,4528,0.08310273005553181,0.0809508613076145,0.047093029031638395,1.7189563502748886,0.0745342761364205,1.1149599132542514,-0.027383081047587566,0.019460868421819048,0.3990724381625442
on|ma200|p70x50|off|off,4528,0.14013212698133648,0.13534571342331034,0.0913174524062415,1.482145086803358,0.3095624847507118,0.4526780016453989,-0.04444693517729347,0.04146238711452721,0.5245141342756183
on|ma200|p70x50|off|vt15,4528,0.06282272717057813,0.06167164903232318,0.03837045001856622,1.6072693701137795,0.09276557844775069,0.6772202386035077,-0.022370398631715294,0.017623480718298543,0.5200971731448764
on|ma200|p70x50|off|vt20,4528,0.08247372779148754,0.08049692896753663,0.04971589898317167,1.619138557562522,0.12202599835835959,0.6758701334225761,-0.027383081047587566,0.019460868421819048,0.5192137809187279
on|ma200|p70x50|qqq200|off,4528,0.15022912883682027,0.14345802654166995,0.08322387449753009,1.7237604882950683,0.10574474465542372,1.4206770211262212,-0.03752568635600044,0.04146238711452721,0.4048144876325088
on|ma200|p70x50|qqq200|vt15,4528,0.06307711362787405,0.0618400927900356,0.036477164481831185,1.6953097552535195,0.06081619159270568,1.037176317292442,-0.022370398631715294,0.017623480718298543,0.40216431095406363
on|ma200|p70x50|qqq200|vt20,4528,0.08294903832914269,0.08081063373848932,0.04712974148510603,1.7146419902181544,0.07453427613642061,1.112897885763598,-0.027383081047587566,0.019460868421819048,0.4012809187279152
on|ma200|p80x0|off|off,4528,0.1412999884863242,0.1363946817885359,0.09159048069655396,1.4891796696691828,0.31780220426001604,0.44461613730884275,-0.04444693517729347,0.04146238711452721,0.519434628975265
on|ma200|p80x0|off|vt15,4528,0.06333671151957376,0.062157657250803924,0.0384333354433853,1.6172850088009152,0.09451990991574799,0.6700885726195684,-0.022370398631715294,0.017623480718298543,0.5152385159010601
on|ma200|p80x0|off|vt20,4528,0.0831705609140827,0.08114493992551094,0.04980226802861473,1.629342259651463,0.1242897497667822,0.669166693714842,-0.027383081047587566,0.019460868421819048,0.5143551236749117
on|ma200|p80x0|qqq200|off,4528,0.1526500861421871,0.14556854242881972,0.08330923021602286,1.7473279017385823,0.10574474465542372,1.4435713721718046,-0.03752568635600044,0.04146238711452721,0.4028268551236749
on|ma200|p80x0|qqq200|vt15,4528,0.06369149863763734,0.06241885466042507,0.03650087031185346,1.7100648320748366,0.06081619159270568,1.0472786435590704,-0.022370398631715294,0.017623480718298543,0.4003975265017668
on|ma200|p80x0|qqq200|vt20,4528,0.08378313683627958,0.08158231623234198,0.047162465587941314,1.7298144873325128,0.07453427613642027,1.1240886901877345,-0.027383081047587566,0.019460868421819048,0.3995141342756184
on|ma200|p80x50|off|off,4528,0.14056185657555198,0.1357605360139249,0.09173375896451239,1.479940836900017,0.31780220426001604,0.44229352311398246,-0.04444693517729347,0.04146238711452721,0.5245141342756183
on|ma200|p80x50|off|vt15,4528,0.06318502877205656,0.062015831383551226,0.03845588962288151,1.6126484653381,0.09451990991574799,0.6684838022843829,-0.022370398631715294,0.017623480718298543,0.5200971731448764
on|ma200|p80x50|off|vt20,4528,0.08296414908697236,0.08095583876917402,0.049833184484123515,1.624536734050499,0.1242897497667822,0.6675059628219273,-0.027383081047587566,0.019460868421819048,0.5192137809187279
on|ma200|p80x50|qqq200|off,4528,0.15112858331505374,0.14425534979869656,0.08341017016895873,1.7294695539703082,0.10574474465542372,1.4291829235345574,-0.03752568635600044,0.04146238711452721,0.4048144876325088
on|ma200|p80x50|qqq200|vt15,4528,0.06332732611856962,0.06207688838680838,0.03651574996876205,1.7000031066023016,0.06081619159270624,1.0412905586505772,-0.022370398631715294,0.017623480718298543,0.40216431095406363
on|ma200|p80x50|qqq200|vt20,4528,0.08328820885550825,0.08112636120085305,0.04718287509902751,1.7194026652802503,0.07453427613641994,1.1174484166595513,-0.027383081047587566,0.019460868421819048,0.4012809187279152
on|ma100|none|off|off,4528,0.10495142062540075,0.10446185400299851,0.09633743736314652,1.0843329121287166,0.34397735407646945,0.3051114248703391,-0.04571411063142004,0.04197694251629018,0.5282685512367491
on|ma100|none|off|vt15,4528,0.049370585712485315,0.048885883910605325,0.037171543809285036,1.3151426844529976,0.10008975686904054,0.4932631195925752,-0.020630013681965688,0.014595651316364285,0.5231890459363958
on|ma100|none|off|vt20,4528,0.06464570524930902,0.06381532401916827,0.04828440367275473,1.3216550100043405,0.13171330928185876,0.4908061729052073,-0.025062567781254756,0.019460868421819048,0.5242932862190812
on|ma100|none|qqq200|off,4528,0.11725717409317604,0.11400000049651407,0.07875081994268456,1.447603981513896,0.1556869553883795,0.753159915040179,-0.03752568635600044,0.03590361575525384,0.4043727915194346
on|ma100|none|qqq200|vt15,4528,0.05077212709769885,0.05011878704525198,0.03431750448981431,1.4604438111205786,0.06230318513692601,0.8149202482363473,-0.020630013681965688,0.014595651316364285,0.39818904593639576
on|ma100|none|qqq200|vt20,4528,0.06668496970648774,0.0655488437778625,0.044390490603932714,1.4766415708876013,0.07625458276314301,0.874504420457197,-0.025062567781254756,0.019460868421819048,0.3995141342756184
on|ma100|p70x0|off|off,4528,0.1063723703957149,0.10564417831758297,0.09525926154484779,1.1090173974091326,0.3434813358074946,0.3096889388346029,-0.04571411063142004,0.04197694251629018,0.515017667844523
on|ma100|p70x0|off|vt15,4528,0.04955816665920043,0.04905887920769746,0.037015762646827204,1.3253510315531087,0.09991072840442317,0.4960244755557846,-0.020630013681965688,0.014595651316364285,0.5101590106007067
on|ma100|p70x0|off|vt20,4528,0.0649021807243868,0.06404598441529114,0.04807120123468559,1.3323150404046695,0.13148287467277509,0.4936169891775684,-0.025062567781254756,0.019460868421819048,0.5112632508833922
on|ma100|p70x0|qqq200|off,4528,0.11782587006741663,0.11450132014337949,0.07865188552840104,1.4557987945760473,0.1556869553883795,0.7568127321488565,-0.03752568635600044,0.03590361575525384,0.4019434628975265
on|ma100|p70x0|qqq200|vt15,4528,0.05094684976249941,0.05028456100386741,0.03430218726349315,1.4659287064584319,0.06230318513692601,0.8177246420151978,-0.020630013681965688,0.014595651316364285,0.3959805653710247
on|ma100|p70x0|qqq200|vt20,4528,0.06692170138716458,0.06576987572268311,0.04436946402916936,1.4823229705782495,0.07625458276314279,0.8776089116510227,-0.025062567781254756,0.019460868421819048,0.39730565371024734
on|ma100|p70x50|off|off,4528,0.105690101856728,0.10505301616029074,0.09553124371352548,1.0996718149647324,0.34372817870076244,0.30748163347043495,-0.04571411063142004,0.04197694251629018,0.5282685512367491
on|ma100|p70x50|off|vt15,4528,0.049465879240187416,0.0489723815591514,0.03705499660576155,1.321613440696871,0.10000018260509702,0.4946578891313558,-0.020630013681965688,0.014595651316364285,0.5231890459363958
on|ma100|p70x50|off|vt20,4528,0.06477665410708866,0.06393065421722971,0.04812489499569439,1.3284320770559483,0.1315979890119966,0.4922313372219051,-0.025062567781254756,0.019460868421819048,0.5242932862190812
on|ma100|p70x50|qqq200|off,4528,0.11754359914715407,0.11425066031994678,0.07867735475238706,1.4521416064319375,0.1556869553883795,0.7549996648975996,-0.03752568635600044,0.03590361575525384,0.4043727915194346
on|ma100|p70x50|qqq200|vt15,4528,0.05085961419252283,0.0502016740245597,0.03430625832084415,1.4633386583595347,0.06230318513692623,0.8163244636810557,-0.020630013681965688,0.014595651316364285,0.39818904593639576
on|ma100|p70x50|qqq200|vt20,4528,0.06680356252510755,0.06565935975027282,0.044375046679411514,1.4796459871835241,0.07625458276314245,0.8760596426395629,-0.025062567781254756,0.019460868421819048,0.3995141342756184
on|ma100|p80x0|off|off,4528,0.10531326859533285,0.10477526709077863,0.09619067436194367,1.0892455821292308,0.34397735407646945,0.30616337775515506,-0.04571411063142004,0.04197694251629018,0.5234098939929329
on|ma100|p80x0|off|vt15,4528,0.049389757023694525,0.048903048799611125,0.037141726971767874,1.3166606075367269,0.10008975686904054,0.4934546607832916,-0.020630013681965688,0.014595651316364285,0.5185512367491166
on|ma100|p80x0|off|vt20,4528,0.06467216168174228,0.06383821053784268,0.048243597604130675,1.323247305511411,0.13171330928185876,0.49100703667954804,-0.025062567781254756,0.019460868421819048,0.5196554770318021
on|ma100|p80x0|qqq200|off,4528,0.11825772026344228,0.11488958290747991,0.0786752854748016,1.460300807478826,0.1556869553883795,0.7595865688839146,-0.03752568635600044,0.03590361575525384,0.4023851590106007
on|ma100|p80x0|qqq200|vt15,4528,0.05104631238292168,0.050379327093026165,0.03430541902178738,1.4685530312581299,0.06230318513692579,0.8193210711576863,-0.020630013681965688,0.014595651316364285,0.3964222614840989
on|ma100|p80x0|qqq200|vt20,4528,0.06705627480687637,0.06589623050822811,0.04437392018851287,1.48502161243096,0.07625458276314223,0.8793737028915739,-0.025062567781254756,0.019460868421819048,0.39774734982332155
on|ma100|p80x50|off|off,4528,0.10513620345247188,0.10461856054688856,0.09622772471649704,1.0871976954158724,0.34397735407646945,0.3056486196155201,-0.04571411063142004,0.04197694251629018,0.5282685512367491
on|ma100|p80x50|off|vt15,4528,0.04938046102463889,0.048894466355108225,0.037149205846156004,1.316164511230529,0.10008975686904054,0.49336178415588805,-0.020630013681965688,0.014595651316364285,0.5231890459363958
on|ma100|p80x50|off|vt20,4528,0.06465945589815303,0.06382676727850549,0.0482538324008412,1.3227294932410967,0.13171330928185876,0.4909105712300158,-0.025062567781254756,0.019460868421819048,0.5242932862190812
on|ma100|p80x50|qqq200|off,4528,0.11775888947895452,0.11444479170199699,0.0786954646014278,1.4542743000709164,0.1556869553883795,0.7563825060692532,-0.03752568635600044,0.03590361575525384,0.4043727915194346
on|ma100|p80x50|qqq200|vt15,4528,0.05090930616809586,0.050249057069139076,0.034308820416451696,1.4646104546644148,0.06230318513692612,0.8171220469099695,-0.020630013681965688,0.014595651316364285,0.39818904593639576
on|ma100|p80x50|qqq200|vt20,4528,0.0668707782837632,0.06572253714304532,0.04437857521727397,1.4809519418159103,0.0762545827631429,0.8769411078082078,-0.025062567781254756,0.019460868421819048,0.3995141342756184
id|always|none|off|off,4528,-0.02704115537139673,0.013992501583799047,0.28845534351007446,0.04850838058165614,0.8190195750211895,-0.03301649459440225,-0.09030395966425366,0.19971475645190023,0.5170053003533569
id|always|none|off|vt15,4528,0.002295948402374348,0.0061397574863505215,0.0876817047414633,0.07002324492269053,0.3044241789710711,0.0075419383904868085,-0.02736567646947782,0.030327154333181606,0.5247349823321554
id|always|none|off|vt20,4528,2.9381675277218022e-06,0.006650410215906091,0.11525742945659845,0.05770049052161433,0.39976491684806825,7.34973831842893e-06,-0.0317699822608382,0.04043620577757548,0.5251766784452296
id|always|none|qqq200|off,4528,-0.054120762346024476,-0.040335301197779935,0.17493723382067636,-0.2305701325946803,0.8016661131783922,-0.06751035307136795,-0.07360552249102016,0.13031244968990166,0.36462014134275617
id|always|none|qqq200|vt15,4528,-0.01063848857887506,-0.008266124950800998,0.06965065923528836,-0.11867978051545826,0.3629608457925897,-0.02931029256239478,-0.02736567646947782,0.019604060189250084,0.37168727915194344
id|always|none|qqq200|vt20,4528,-0.016263156640051735,-0.012261202979731461,0.09085506881050003,-0.13495342791831608,0.46139637544152,-0.035247690501446126,-0.0317699822608382,0.026138746919000116,0.37212897526501765
id|always|p70x0|off|off,4528,-0.03339851630468427,0.0011034966905512722,0.26558336181208614,0.004154991800021165,0.7586305802477185,-0.044024742970127206,-0.07941687850278405,0.19971475645190023,0.4918286219081272
id|always|p70x0|off|vt15,4528,-0.00011412068740646042,0.003495513295371659,0.084938188708343,0.0411536123918818,0.2957074718889978,-0.0003859242604775941,-0.02736567646947782,0.030327154333181606,0.4986749116607774
id|always|p70x0|off|vt20,4528,-0.0030969214323967043,0.003124751294600942,0.11154506881659933,0.02801335216116644,0.3925275970674271,-0.007889690955575603,-0.0317699822608382,0.04043620577757548,0.4991166077738516
id|always|p70x0|qqq200|off,4528,-0.04851785676771958,-0.034618539633318575,0.17386326020020662,-0.1991135999259114,0.7808240928929773,-0.06213673119122058,-0.07360552249102016,0.13031244968990166,0.3628533568904594
id|always|p70x0|qqq200|vt15,4528,-0.009004087918701997,-0.00662948583305846,0.06945084465471889,-0.09545579850061643,0.344788820855886,-0.026114790776425735,-0.02736567646947782,0.019604060189250084,0.36969964664310956
id|always|p70x0|qqq200|vt20,4528,-0.01408960758769584,-0.010079017489408081,0.09058284905987003,-0.11126849722673696,0.4407518875677523,-0.031967208729264916,-0.0317699822608382,0.026138746919000116,0.37014134275618377
id|always|p70x50|off|off,4528,-0.028687855814848118,0.007547999137175153,0.2714820152920173,0.027802943517478355,0.7728085859422311,-0.037121554207205185,-0.07941687850278405,0.19971475645190023,0.5170053003533569
id|always|p70x50|off|vt15,4528,0.0011494569189394177,0.0048176353908610916,0.08563220141433041,0.05625962326427904,0.2818010213624683,0.004078966475642831,-0.02736567646947782,0.030327154333181606,0.5247349823321554
id|always|p70x50|off|vt20,4528,-0.0014430969959997597,0.0048875807552535185,0.11248454863063403,0.043451130086345345,0.3731342268686242,-0.0038675010012090257,-0.0317699822608382,0.04043620577757548,0.5251766784452296
id|always|p70x50|qqq200|off,4528,-0.05127841972584368,-0.03747692041554926,0.17413124682991812,-0.2152222596335893,0.7913283751209402,-0.06480043094373648,-0.07360552249102016,0.13031244968990166,0.36462014134275617
id|always|p70x50|qqq200|vt15,4528,-0.009818162707803446,-0.0074478053919297274,0.06950069724638934,-0.10716159243016302,0.3538983304579293,-0.027742890719770177,-0.02736567646947782,0.019604060189250084,0.37168727915194344
id|always|p70x50|qqq200|vt20,4528,-0.015170852179765215,-0.011170110234569772,0.0906507398805821,-0.12322139068345841,0.4511101226339801,-0.03363004157650987,-0.0317699822608382,0.026138746919000116,0.37212897526501765
id|always|p80x0|off|off,4528,-0.015054193229808499,0.022532372038707133,0.2753937079171833,0.08181876125319135,0.7147498149745776,-0.021062185556975557,-0.07941687850278405,0.19971475645190023,0.5055212014134276
id|always|p80x0|off|vt15,4528,0.003817801461751147,0.007537920938021643,0.08631474354285928,0.08733063007108068,0.2567689530279146,0.014868625730370507,-0.02736567646947782,0.030327154333181606,0.513030035335689
id|always|p80x0|off|vt20,4528,0.0020810868638851954,0.008514628151467587,0.1134083759772133,0.07507935880484169,0.34388957713853774,0.006051613663902406,-0.0317699822608382,0.04043620577757548,0.5134717314487632
id|always|p80x0|qqq200|off,4528,-0.05095061515222454,-0.03712971702105654,0.17413583362109933,-0.21322272532284636,0.7906778599018491,-0.0644391575079,-0.07360552249102016,0.13031244968990166,0.3630742049469965
id|always|p80x0|qqq200|vt15,4528,-0.009731250770083077,-0.007359351852294929,0.06951024538563047,-0.10587434717668676,0.3533739234148148,-0.027538112252442185,-0.02736567646947782,0.019604060189250084,0.36992049469964666
id|always|p80x0|qqq200|vt20,4528,-0.015055907065546603,-0.011052172181723371,0.09066376033773263,-0.12190286549502023,0.4505192480348713,-0.03341900957887872,-0.0317699822608382,0.026138746919000116,0.37036219081272087
id|always|p80x50|off|off,4528,-0.02015548456335614,0.01826243681125309,0.27871719349051893,0.06552317990341101,0.7649175695051434,-0.02634987790435452,-0.07941687850278405,0.19971475645190023,0.5170053003533569
id|always|p80x50|off|vt15,4528,0.003086465388710824,0.006838839212186083,0.08665862603956506,0.07891700485839374,0.27658540266057907,0.011159176728131536,-0.02736567646947782,0.030327154333181606,0.5247349823321554
id|always|p80x50|off|vt20,4528,0.0010945313518497812,0.007582519183686834,0.11387359249986413,0.06658716052798529,0.367288219819377,0.0029800339155664833,-0.0317699822608382,0.04043620577757548,0.5251766784452296
id|always|p80x50|qqq200|off,4528,-0.0525037666504079,-0.03873250910941823,0.17433585158998732,-0.2221717951652967,0.7961183943461645,-0.06594969670752068,-0.07360552249102016,0.13031244968990166,0.36462014134275617
id|always|p80x50|qqq200|vt15,4528,-0.010182548079528675,-0.007812738401547965,0.06954528021103167,-0.11234031091456677,0.35815722932726046,-0.02843038544455718,-0.02736567646947782,0.019604060189250084,0.37168727915194344
id|always|p80x50|qqq200|vt20,4528,-0.015655427763997642,-0.011656687580727418,0.0907114791108915,-0.12850289395543357,0.45594271008210174,-0.034336392309416604,-0.0317699822608382,0.026138746919000116,0.37212897526501765
id|tsmom252|none|off|off,4528,-0.029603634907170218,-0.01674080235964204,0.16323692658745226,-0.10255524108188446,0.6900030260659697,-0.04290363054775918,-0.07300347813869161,0.12468146871392075,0.5101590106007067
id|tsmom252|none|off|vt15,4528,-0.002377221352820813,-0.0004922977909706357,0.06140141590689407,-0.00801769444074597,0.25041059021938716,-0.009493293996624129,-0.02736567646947782,0.01835898254717202,0.5117049469964664
id|tsmom252|none|off|vt20,4528,-0.004821344162617147,-0.0016303626247447301,0.07996074659051897,-0.020389537295016254,0.3286191112979835,-0.014671526995413466,-0.0317699822608382,0.024478643396229363,0.5119257950530035
id|tsmom252|none|qqq200|off,4528,-0.03665362345651468,-0.027466327045748872,0.14060506414449025,-0.19534379656143536,0.6935357683235995,-0.052850372151840234,-0.07300347813869161,0.12468146871392075,0.36969964664310956
id|tsmom252|none|qqq200|vt15,4528,-0.007385692149934564,-0.005806215378857631,0.056637675524303,-0.10251507190414633,0.28780116018794655,-0.02566248219816553,-0.02736567646947782,0.01835898254717202,0.370583038869258
id|tsmom252|none|qqq200|vt20,4528,-0.01115644356330292,-0.008513251360624769,0.0734778110475138,-0.11586152661950895,0.36952594208268574,-0.030191232313553064,-0.0317699822608382,0.024478643396229363,0.3708038869257951
id|tsmom252|p70x0|off|off,4528,-0.027471754423532224,-0.01504864259003061,0.16012683003275294,-0.09397951977786924,0.6705985960324321,-0.04096601839918497,-0.07300347813869161,0.12468146871392075,0.49492049469964666
id|tsmom252|p70x0|off|vt15,4528,-0.0017051568925389171,0.0001443829321196747,0.06079959629916725,0.002374735046088657,0.24459265671988362,-0.006971414904298311,-0.02736567646947782,0.01835898254717202,0.49668727915194344
id|tsmom252|p70x0|off|vt20,4528,-0.003911082736066995,-0.0007814549939576492,0.0791390201444539,-0.009874458800870229,0.3214874541760827,-0.012165584333890821,-0.0317699822608382,0.024478643396229363,0.49690812720848054
id|tsmom252|p70x0|qqq200|off,4528,-0.03174614392207864,-0.02256167499839559,0.13935290977855996,-0.16190314959513533,0.6635284796403725,-0.047844433051743025,-0.07300347813869161,0.12468146871392075,0.3677120141342756
id|tsmom252|p70x0|qqq200|vt15,4528,-0.006006544955095783,-0.004430414790337234,0.05641483711168918,-0.0785327941577846,0.26935045870780105,-0.02230011036146722,-0.02736567646947782,0.01835898254717202,0.36859540636042404
id|tsmom252|p70x0|qqq200|vt20,4528,-0.009318561313641505,-0.006678850575930908,0.07317249065336281,-0.09127543037410557,0.3475885147450599,-0.026809174982309867,-0.0317699822608382,0.024478643396229363,0.36881625441696114
id|tsmom252|p70x50|off|off,4528,-0.028416319494765196,-0.015894722474836327,0.16090983278317275,-0.09878030571478244,0.6743409736221613,-0.042139393283681874,-0.07300347813869161,0.12468146871392075,0.5101590106007067
id|tsmom252|p70x50|off|vt15,4528,-0.0020320754419174136,-0.00017395742942548202,0.060950609790894957,-0.002854072010473445,0.24739815078552252,-0.0082137858972078,-0.02736567646947782,0.01835898254717202,0.5117049469964664
id|tsmom252|p70x50|off|vt20,4528,-0.004350053601795856,-0.0012059088093511888,0.07934524128370543,-0.015198249949727455,0.32488876484080065,-0.013389362983750557,-0.0317699822608382,0.024478643396229363,0.5119257950530035
id|tsmom252|p70x50|qqq200|off,4528,-0.03416024389863981,-0.025014001022072234,0.1396662146233477,-0.17909843901426034,0.6786273000420464,-0.0503372674463926,-0.07300347813869161,0.12468146871392075,0.36969964664310956
id|tsmom252|p70x50|qqq200|vt15,4528,-0.0066932152374815646,-0.0051183150845974315,0.05647052204733602,-0.09063693585667651,0.27859383849841823,-0.024024993781474338,-0.02736567646947782,0.01835898254717202,0.370583038869258
id|tsmom252|p70x50|qqq200|vt20,4528,-0.01023235686189361,-0.00759605096827784,0.07324877409294915,-0.10370209006691114,0.3585862184579559,-0.0285352764138462,-0.0317699822608382,0.024478643396229363,0.3708038869257951
id|tsmom252|p80x0|off|off,4528,-0.0319008640081736,-0.01935068285226123,0.1617523450665135,-0.11963154441009259,0.6913591106545993,-0.04614224867590002,-0.07300347813869161,0.12468146871392075,0.5046378091872792
id|tsmom252|p80x0|off|vt15,4528,-0.0029411609097668157,-0.0010743429191680035,0.06113008615512918,-0.01757469990213419,0.25725448970426723,-0.01143288466276291,-0.02736567646947782,0.01835898254717202,0.506404593639576
id|tsmom252|p80x0|off|vt20,4528,-0.005564022205487684,-0.0024064227956745532,0.07959026453836375,-0.030235140059304864,0.33670221811899126,-0.01652505361138235,-0.0317699822608382,0.024478643396229363,0.5066254416961131
id|tsmom252|p80x0|qqq200|off,4528,-0.03405542994268873,-0.024906896800352175,0.1396505091379756,-0.17835163619592678,0.677659632534327,-0.050254476300037904,-0.07300347813869161,0.12468146871392075,0.3679328621908127
id|tsmom252|p80x0|qqq200|vt15,4528,-0.006667699361272872,-0.005092316055952492,0.05647575770571665,-0.09016817591872756,0.2780337688184046,-0.023981617015837467,-0.02736567646947782,0.01835898254717202,0.36881625441696114
id|tsmom252|p80x0|qqq200|vt20,4528,-0.010198603569943732,-0.007561385596751253,0.0732559513216148,-0.10321872094124591,0.3579239080394131,-0.028493775746382115,-0.0317699822608382,0.024478643396229363,0.36903710247349825
id|tsmom252|p80x50|off|off,4528,-0.030694975296750027,-0.018045742605951636,0.16212507402544624,-0.11130753656969358,0.6904335026835831,-0.0444575403387068,-0.07300347813869161,0.12468146871392075,0.5101590106007067
id|tsmom252|p80x50|off|vt15,4528,-0.0026550934833672324,-0.0007833203550693195,0.061198041511338605,-0.012799761817936415,0.2537912582427434,-0.010461721580763505,-0.02736567646947782,0.01835898254717202,0.5117049469964664
id|tsmom252|p80x50|off|vt20,4528,-0.005185418950647391,-0.0020183927102096423,0.07968306979544844,-0.0253302579254412,0.3325948388638077,-0.015590798006251499,-0.0317699822608382,0.024478643396229363,0.5119257950530035
id|tsmom252|p80x50|qqq200|off,4528,-0.03532308611128676,-0.026186611923050523,0.13988930635197158,-0.18719523747700284,0.6855090706152283,-0.051528254877189476,-0.07300347813869161,0.12468146871392075,0.36969964664310956
id|tsmom252|p80x50|qqq200|vt15,4528,-0.007024482756078032,-0.005449265717405062,0.05651621682167541,-0.0964195061852606,0.282904588174165,-0.024829865084243664,-0.02736567646947782,0.01835898254717202,0.370583038869258
id|tsmom252|p80x50|qqq200|vt20,4528,-0.010673603965992595,-0.008037318478688013,0.07331138177903732,-0.10963261479524052,0.36370481549631417,-0.02934688657181324,-0.0317699822608382,0.024478643396229363,0.3708038869257951
id|tsmom126|none|off|off,4528,0.0009840804395784275,0.013654480288882444,0.15934547593196352,0.08569104462502947,0.46577942024943497,0.002112760669098328,-0.07360552249102016,0.12468146871392075,0.5019876325088339
id|tsmom126|none|off|vt15,4528,0.0037272148157099227,0.005505570490549128,0.05971332723931213,0.09220002878895933,0.1798468912560648,0.020724377217080387,-0.02736567646947782,0.01835898254717202,0.506404593639576
id|tsmom126|none|off|vt20,4528,0.003332994850057114,0.006357503866106056,0.0777801537111479,0.08173683854773435,0.24166401148617844,0.013791854358288424,-0.0317699822608382,0.024478643396229363,0.506404593639576
id|tsmom126|none|qqq200|off,4528,-0.009852495764253177,0.00019435013355577596,0.14223324694267245,0.0013664184551317273,0.5261497622567505,-0.018725648990116542,-0.07360552249102016,0.12468146871392075,0.370583038869258
id|tsmom126|none|qqq200|vt15,4528,0.0005920671322998672,0.0021657366266600404,0.05606057114278749,0.038632082808144466,0.1939445386634795,0.003052765168743345,-0.02736567646947782,0.01835898254717202,0.375
id|tsmom126|none|qqq200|vt20,4528,-0.0006341835302109411,0.002020763055525451,0.07280027771956545,0.027757628388584577,0.25645994803712735,-0.0024728365386673602,-0.0317699822608382,0.024478643396229363,0.375
id|tsmom126|p70x0|off|off,4528,0.002180475289838224,0.014640446353662684,0.15803103711391336,0.09264285434708262,0.46376112903971345,0.004701720677524706,-0.07360552249102016,0.12468146871392075,0.48630742049469966
id|tsmom126|p70x0|off|vt15,4528,0.004227380106226919,0.00598969098049624,0.059477246696381804,0.10070558597092244,0.1770574129275907,0.02387575892095377,-0.02736567646947782,0.01835898254717202,0.4907243816254417
id|tsmom126|p70x0|off|vt20,4528,0.004005955742424794,0.0070029978527022035,0.07745794481897232,0.09041032355130225,0.23816049384584048,0.016820404080190643,-0.0317699822608382,0.024478643396229363,0.4907243816254417
id|tsmom126|p70x0|qqq200|off,4528,-0.006477739015342543,0.003504782695285874,0.1415854716319012,0.0247538300002823,0.49450124305532694,-0.013099540408269076,-0.07360552249102016,0.12468146871392075,0.36837455830388693
id|tsmom126|p70x0|qqq200|vt15,4528,0.0014246056193707446,0.002991505097523897,0.05595458786539185,0.05346308875905698,0.18100370482410633,0.00787058817804382,-0.02736567646947782,0.01835898254717202,0.37279151943462896
id|tsmom126|p70x0|qqq200|vt20,4528,0.0004773017571475524,0.0031217876833439283,0.07265523180416855,0.04296714229414677,0.2404653394295322,0.0019849087535021843,-0.0317699822608382,0.024478643396229363,0.37279151943462896
id|tsmom126|p70x50|off|off,4528,0.0016343260897035972,0.014147463321272567,0.15836076010374792,0.08933692482913094,0.46436498156879147,0.0035194860822240675,-0.07360552249102016,0.12468146871392075,0.5019876325088339
id|tsmom126|p70x50|off|vt15,4528,0.003980797191880381,0.0057476307355226845,0.059536402924107494,0.09653977152179197,0.17841536996534268,0.022311963328348075,-0.02736567646947782,0.01835898254717202,0.506404593639576
id|tsmom126|p70x50|off|vt20,4528,0.0036756959739598916,0.006680250859404128,0.07753868041520719,0.08615378574451431,0.23985181646078102,0.01532486194266916,-0.0317699822608382,0.024478643396229363,0.506404593639576
id|tsmom126|p70x50|qqq200|off,4528,-0.008143683899822007,0.001849566414420825,0.141747774206508,0.013048292467197745,0.5103788990932537,-0.0159561531918545,-0.07360552249102016,0.12468146871392075,0.370583038869258
id|tsmom126|p70x50|qqq200|vt15,4528,0.0010097348468349754,0.0025786208620919675,0.05598114628208494,0.04606230906917275,0.18747827911157233,0.005385876441900027,-0.02736567646947782,0.01835898254717202,0.375
id|tsmom126|p70x50|qqq200|vt20,4528,-7.59569411613592e-05,0.0025712753694346903,0.07269156733540759,0.03537240238018969,0.2484696521609001,-0.0003056990682796633,-0.0317699822608382,0.024478643396229363,0.375
id|tsmom126|p80x0|off|off,4528,0.00015231971734275263,0.01271754345826215,0.158679809879321,0.08014594590158686,0.4685661696436154,0.00032507621593467746,-0.07360552249102016,0.12468146871392075,0.49624558303886923
id|tsmom126|p80x0|off|vt15,4528,0.00350367441872268,0.005276478532755634,0.05960682461697986,0.08852138268832649,0.18154187692824342,0.019299538365506425,-0.02736567646947782,0.01835898254717202,0.5006625441696113
id|tsmom126|p80x0|off|vt20,4528,0.003037902634961176,0.006052047922381393,0.07763477370864968,0.07795537532051959,0.2437191861712631,0.012464766039496053,-0.0317699822608382,0.024478643396229363,0.5006625441696113
id|tsmom126|p80x0|qqq200|off,4528,-0.008043711744671889,0.0019455417812229417,0.14171247991015873,0.013728796380222506,0.5086277521636642,-0.015814535700135402,-0.07360552249102016,0.12468146871392075,0.36859540636042404
id|tsmom126|p80x0|qqq200|vt15,4528,0.0010095221652515196,0.002578341123957529,0.05597988422890143,0.04605835041413638,0.1870819528579487,0.0053961493870980145,-0.02736567646947782,0.01835898254717202,0.37301236749116606
id|tsmom126|p80x0|qqq200|vt20,4528,-7.621231772747539e-05,0.002570902385255438,0.0726898394394542,0.035368112037127676,0.24798048872334177,-0.0003073319119574012,-0.0317699822608382,0.024478643396229363,0.37301236749116606
id|tsmom126|p80x50|off|off,4528,0.0005945137045595406,0.013186011873572297,0.15884641347963263,0.08301107708209612,0.4669441574559602,0.001273200863672038,-0.07360552249102016,0.12468146871392075,0.5019876325088339
id|tsmom126|p80x50|off|vt15,4528,0.0036170332792795357,0.00539102451165238,0.059633447990592725,0.09040269669637119,0.18067425400851445,0.020019638653712552,-0.02736567646947782,0.01835898254717202,0.506404593639576
id|tsmom126|p80x50|off|vt20,4528,0.003188271916898966,0.0062047758942437225,0.077671120602786,0.07988523721674182,0.2426585006424895,0.013138925314618462,-0.0317699822608382,0.024478643396229363,0.506404593639576
id|tsmom126|p80x50|qqq200|off,4528,-0.008930198285383106,0.0010699459573893586,0.14184287474923027,0.007543177331120503,0.517308442574396,-0.01726281179742939,-0.07360552249102016,0.12468146871392075,0.370583038869258
id|tsmom126|p80x50|qqq200|vt15,4528,0.0008019030805195282,0.0023720388753087846,0.056000085706854684,0.04235777223138134,0.1905041448218724,0.00420937340376155,-0.02736567646947782,0.01835898254717202,0.375
id|tsmom126|p80x50|qqq200|vt20,4528,-0.00035322962982564654,0.0022958327203904455,0.07271748403369399,0.031571949317259936,0.25220534422501206,-0.0014005636197403607,-0.0317699822608382,0.024478643396229363,0.375
id|ma200|none|off|off,4528,0.006846192201321433,0.01854751223309319,0.15318709180853715,0.12107751386960877,0.3788635699046471,0.018070336514657483,-0.07300347813869161,0.11502238005605979,0.5019876325088339
id|ma200|none|off|vt15,4528,0.00709717400779164,0.00882628448492269,0.05918616596826694,0.14912749188137922,0.12854493927326993,0.0552116174150113,-0.02736567646947782,0.01768924668681559,0.5050795053003534
id|ma200|none|off|vt20,4528,0.007447405037829924,0.010389770257736675,0.076997257750923,0.13493688686091068,0.17222952262630087,0.04324116402499187,-0.0317699822608382,0.022342283686527173,0.5048586572438163
id|ma200|none|qqq200|off,4528,-0.016392334749584347,-0.006536197200944858,0.14141107310157944,-0.04622125451413362,0.5687657194171287,-0.02882089090457705,-0.07300347813869161,0.11502238005605979,0.36992049469964666
id|ma200|none|qqq200|vt15,4528,-8.799623042610172e-05,0.0015068889599114939,0.05643244550149174,0.026702528067327164,0.20168560297711846,-0.0004363039757284263,-0.02736567646947782,0.01768924668681559,0.37279151943462896
id|ma200|none|qqq200|vt20,4528,-0.001914626486465676,0.0007712854602027251,0.07324191336948642,0.010530656897394125,0.2697984202410011,-0.007096507402657918,-0.0317699822608382,0.022342283686527173,0.37257067137809186
id|ma200|p70x0|off|off,4528,0.007268291968959062,0.01881820043552071,0.152215718763813,0.12362849637572682,0.37713144785303965,0.019272569313263332,-0.07300347813869161,0.11502238005605979,0.48652826855123676
id|ma200|p70x0|off|vt15,4528,0.007400944453303193,0.009117357939448241,0.05900821443750998,0.15450997842179368,0.12253483082479644,0.060398699728775575,-0.02736567646947782,0.01768924668681559,0.48962014134275617
id|ma200|p70x0|off|vt20,4528,0.007857305939122483,0.010777868197104077,0.07675408899783553,0.14042076894962577,0.16526819592523734,0.047542758575745005,-0.0317699822608382,0.022342283686527173,0.48939929328621906
id|ma200|p70x0|qqq200|off,4528,-0.01319342943016899,-0.0033652132648750014,0.14087504024814537,-0.023887931168980126,0.5414203160179971,-0.024368183165351397,-0.07300347813869161,0.11502238005605979,0.3677120141342756
id|ma200|p70x0|qqq200|vt15,4528,0.0007387298283332289,0.0023281773716613456,0.0563407367700416,0.04132316162573368,0.18900608077023684,0.003908497680724133,-0.02736567646947782,0.01768924668681559,0.370583038869258
id|ma200|p70x0|qqq200|vt20,4528,-0.0008118887602048819,0.001866336675869193,0.07311636170878885,0.025525568179972126,0.25426328377719765,-0.0031931026302496456,-0.0317699822608382,0.022342283686527173,0.37036219081272087
id|ma200|p70x50|off|off,4528,0.007094619067775643,0.018682856334306948,0.15245917539585718,0.12254333847600374,0.37765868616638065,0.018785796084271843,-0.07300347813869161,0.11502238005605979,0.5019876325088339
id|ma200|p70x50|off|vt15,4528,0.007251695419693727,0.008971821212185463,0.059052797186195334,0.15192881014420076,0.12551559039893967,0.05777525641750866,-0.02736567646947782,0.01768924668681559,0.5050795053003534
id|ma200|p70x50|off|vt20,4528,0.007657045056518097,0.010583819227420375,0.07681500738710957,0.13778322215193148,0.1683532678288734,0.045482010270815054,-0.0317699822608382,0.022342283686527173,0.5048586572438163
id|ma200|p70x50|qqq200|off,4528,-0.014775440437597154,-0.004950705232909931,0.14100916440165387,-0.0351091026878808,0.5551514479139892,-0.02661515248337485,-0.07300347813869161,0.11502238005605979,0.36992049469964666
id|ma200|p70x50|qqq200|vt15,4528,0.00032657464491792076,0.001917533165786419,0.05636371160472327,0.03402070430056153,0.1953521682096424,0.0016717226530470694,-0.02736567646947782,0.01768924668681559,0.37279151943462896
id|ma200|p70x50|qqq200|vt20,4528,-0.0013611134612069309,0.0013188110680359578,0.07314779755110663,0.01802940228124484,0.26204131128155495,-0.005194270531429521,-0.0317699822608382,0.022342283686527173,0.37257067137809186
id|ma200|p80x0|off|off,4528,0.006421826377487561,0.01804378111513515,0.15265018949730932,0.11820346358268488,0.37664888136756747,0.017049901632976233,-0.07300347813869161,0.11502238005605979,0.4960247349823322
id|ma200|p80x0|off|vt15,4528,0.006961040102419602,0.008685618848698048,0.059093554687047,0.1469808153308112,0.1287343325330078,0.0540729109745046,-0.02736567646947782,0.01768924668681559,0.4991166077738516
id|ma200|p80x0|off|vt20,4528,0.007268289044895626,0.01020221607610382,0.0768706823567808,0.13271920793875816,0.17243790393928304,0.04215018205889847,-0.0317699822608382,0.022342283686527173,0.4988957597173145
id|ma200|p80x0|qqq200|off,4528,-0.014413594598579271,-0.004589264910273906,0.14096761178600356,-0.03255545619401325,0.5515025653806441,-0.02613513608704809,-0.07300347813869161,0.11502238005605979,0.3679328621908127
id|ma200|p80x0|qqq200|vt15,4528,0.00038124831221120203,0.0019719761413009725,0.0563599147411738,0.0349889837548023,0.19419576172331066,0.001963216441120909,-0.02736567646947782,0.01768924668681559,0.3708038869257951
id|ma200|p80x0|qqq200|vt20,4528,-0.00128824504949121,0.0013914017020553622,0.0731426012507493,0.019023136698205798,0.260625674576628,-0.004942893871004432,-0.0317699822608382,0.022342283686527173,0.370583038869258
id|ma200|p80x50|off|off,4528,0.0066546696944875805,0.018295646674114166,0.1527845329253721,0.11974802896475593,0.37755177017557373,0.017625846890859352,-0.07300347813869161,0.11502238005605979,0.5019876325088339
id|ma200|p80x50|off|vt15,4528,0.007030485037575529,0.008755951666810369,0.05911670060135737,0.14811299645855616,0.1286210012301342,0.05466047511942691,-0.02736567646947782,0.01768924668681559,0.5050795053003534
id|ma200|p80x50|off|vt20,4528,0.007360297997072163,0.010295993166920248,0.07690232104680343,0.13388403661645032,0.1723022409074223,0.042717366636147454,-0.0317699822608382,0.022342283686527173,0.5048586572438163
id|ma200|p80x50|qqq200|off,4528,-0.015387996754976041,-0.005562731055609381,0.14107854495406147,-0.039430028551972515,0.5600950045420257,-0.02747390465936825,-0.07300347813869161,0.11502238005605979,0.36992049469964666
id|ma200|p80x50|qqq200|vt15,4528,0.00014762109714205884,0.0017394325506062324,0.05637807232133629,0.030852997965096156,0.19793473283438123,0.0007458069386214216,-0.02736567646947782,0.01768924668681559,0.37279151943462896
id|ma200|p80x50|qqq200|vt20,4528,-0.001599669644299695,0.0010813435811290414,0.07316745361938226,0.014779024383631009,0.2652024254033629,-0.00603188165367137,-0.0317699822608382,0.022342283686527173,0.37257067137809186
id|ma100|none|off|off,4528,0.01240628450390191,0.0244036138461037,0.1554435903095408,0.15699337487964504,0.40902043089885065,0.030331698777584883,-0.0697773000075705,0.08684307375408103,0.4991166077738516
id|ma100|none|off|vt15,4528,0.008713355781928556,0.010315455538719485,0.05723378953058815,0.18023366307426614,0.11999202945315135,0.0726161214343868,-0.02736567646947782,0.01842701414104145,0.5044169611307421
id|ma100|none|off|vt20,4528,0.009819064452726511,0.012552492291874797,0.07452967593277213,0.16842274080458233,0.1579925386410962,0.06214891245612549,-0.0317699822608382,0.02456935218805527,0.5039752650176679
id|ma100|none|qqq200|off,4528,-0.012089895307114018,-0.0034712345563228833,0.1318339527303075,-0.026330353330328963,0.49583644547864303,-0.024382829090837294,-0.0697773000075705,0.08684307375408103,0.36837455830388693
id|ma100|none|qqq200|vt15,4528,0.0012147119577174958,0.0026304693405973766,0.053188702777930065,0.04945541446235185,0.14156805282748097,0.008580410152266344,-0.02736567646947782,0.01842701414104145,0.37345406360424027
id|ma100|none|qqq200|vt20,4528,7.792433279840694e-05,0.002463335738459933,0.06901204317647987,0.03569428791088839,0.19562916088899462,0.000398326775232775,-0.0317699822608382,0.02456935218805527,0.37301236749116606
id|ma100|p70x0|off|off,4528,0.008036426244159012,0.019822417034566327,0.15377938570883457,0.128901653125979,0.4105148975423316,0.019576454575148054,-0.0697773000075705,0.08684307375408103,0.48564487632508835
id|ma100|p70x0|off|vt15,4528,0.007943283355328346,0.009538139023080889,0.056995761290894675,0.16734821690336205,0.12068091292002514,0.06582054413685397,-0.02736567646947782,0.01842701414104145,0.4907243816254417
id|ma100|p70x0|off|vt20,4528,0.008797395505097283,0.011516070271023339,0.07420461699195177,0.15519344668637494,0.15887088042254816,0.05537449960432579,-0.0317699822608382,0.02456935218805527,0.4902826855123675
id|ma100|p70x0|qqq200|off,4528,-0.01094454118752175,-0.0023248252407133702,0.1317409197748338,-0.017646948607060484,0.4836105414308848,-0.022630898729253383,-0.0697773000075705,0.08684307375408103,0.3661660777385159
id|ma100|p70x0|qqq200|vt15,4528,0.0015124169281381938,0.0029268564165800424,0.05317148620941614,0.05504560103986195,0.13625035469632207,0.011100278832367838,-0.02736567646947782,0.01842701414104145,0.37124558303886923
id|ma100|p70x0|qqq200|vt20,4528,0.0004748392436417781,0.0028585185064368217,0.06898847720651809,0.041434723915992545,0.18889220738271528,0.0025138106554057275,-0.0317699822608382,0.02456935218805527,0.3708038869257951
id|ma100|p70x50|off|off,4528,0.010283273550397709,0.02211301544033501,0.15419653635755348,0.14340799062476337,0.40976465158735564,0.025095560367547884,-0.0697773000075705,0.08684307375408103,0.4991166077738516
id|ma100|p70x50|off|vt15,4528,0.008331673244295068,0.009926797280900186,0.05705523250310928,0.1739857475886934,0.12033630814709106,0.06923657018055587,-0.02736567646947782,0.01842701414104145,0.5044169611307421
id|ma100|p70x50|off|vt20,4528,0.009314195442100548,0.012034281281449065,0.07428585564598683,0.1619996320537663,0.1584314322047603,0.05879007285664548,-0.0317699822608382,0.02456935218805527,0.5039752650176679
id|ma100|p70x50|qqq200|off,4528,-0.011514344686244904,-0.002898029898518126,0.13176416410085737,-0.0219940673421634,0.48973226547447635,-0.0235115092428906,-0.0697773000075705,0.08684307375408103,0.36837455830388693
id|ma100|p70x50|qqq200|vt15,4528,0.0013637818682687985,0.002778662878588708,0.053175807061706354,0.05225426809910544,0.13887776490538406,0.009820015962943589,-0.02736567646947782,0.01842701414104145,0.37345406360424027
id|ma100|p70x50|qqq200|vt20,4528,0.0002767679521995525,0.002660927122448378,0.06899438570016148,0.038567299287399125,0.192261895108917,0.0014395361704032021,-0.0317699822608382,0.02456935218805527,0.37301236749116606
id|ma100|p80x0|off|off,4528,0.012506170919913684,0.024485154577820887,0.1553334849220243,0.15762959667139487,0.40902043089885065,0.03057590764459005,-0.0697773000075705,0.08684307375408103,0.4929328621908127
id|ma100|p80x0|off|vt15,4528,0.00873049817858007,0.010331059932198072,0.05720949456166484,0.18058296112129524,0.11999202945315135,0.07275898422893773,-0.02736567646947782,0.01842701414104145,0.49823321554770317
id|ma100|p80x0|off|vt20,4528,0.00984257017958945,0.012573298149846247,0.07449650909137694,0.16877701120765162,0.1579925386410962,0.062297689905143734,-0.0317699822608382,0.02456935218805527,0.49779151943462896
id|ma100|p80x0|qqq200|off,4528,-0.011352661765444139,-0.0027361277515635055,0.13175163134359658,-0.020767315923610287,0.4874258649300176,-0.023291053229344123,-0.0697773000075705,0.08684307375408103,0.366386925795053
id|ma100|p80x0|qqq200|vt15,4528,0.0013971568291117897,0.002811874876340445,0.05317359918394242,0.05288103343566005,0.13797057123931444,0.01012648434055097,-0.02736567646947782,0.01842701414104145,0.37146643109540634
id|ma100|p80x0|qqq200|vt20,4528,0.0003212718039031781,0.002705209786117358,0.06899136316498827,0.03921084701063274,0.19112635543894796,0.0016809393093136383,-0.0317699822608382,0.02456935218805527,0.3710247349823322
id|ma100|p80x50|off|off,4528,0.012460561461117514,0.024444384211962294,0.15536103133622178,0.15733922465448508,0.40902043089885065,0.030464398645648507,-0.0697773000075705,0.08684307375408103,0.4991166077738516
id|ma100|p80x50|off|vt15,4528,0.008722277486522323,0.010323257735458778,0.05721557206688055,0.1804274144701672,0.11999202945315135,0.07269047391125069,-0.02736567646947782,0.01842701414104145,0.5044169611307421
id|ma100|p80x50|off|vt20,4528,0.009831441239731786,0.01256289522086052,0.07450480566997691,0.16861858920226633,0.1579925386410962,0.06222725025050318,-0.0317699822608382,0.02456935218805527,0.5039752650176679
id|ma100|p80x50|qqq200|off,4528,-0.01171865966951302,-0.003103681153943194,0.13177220136565523,-0.0235533832005339,0.4916240532301204,-0.023836627993520338,-0.0697773000075705,0.08684307375408103,0.36837455830388693
id|ma100|p80x50|qqq200|vt15,4528,0.001306130883319323,0.00272117210846891,0.053177385002808365,0.051171604401480095,0.1397681408413851,0.009344982879908065,-0.02736567646947782,0.01842701414104145,0.37345406360424027
id|ma100|p80x50|qqq200|vt20,4528,0.0001999470425679828,0.0025842727622886453,0.06899654315914229,0.03745510490761768,0.1933758119202914,0.0010339816576977064,-0.0317699822608382,0.02456935218805527,0.37301236749116606
