entry_spec,window,horizon_bars,n_events,win_rate,base_rate,edge_pp,p_value,mean_ret,median_ret
kdj_cross_only,W1,1,1166,0.5445969125214408,0.5390653407083342,0.5531571813106595,0.363299126797639,0.002012730092338374,0.0019087097801052666
kdj_cross_only,W1,3,1164,0.5532646048109966,0.5584388862269897,-0.5174281415993076,0.6499694406435437,0.004594381453017623,0.004390904889107761
kdj_cross_only,W1,5,1164,0.5833333333333334,0.573145863785534,1.0187469547799366,0.25035407892162864,0.00850335509716481,0.008424622733914644
kdj_cross_only,W1,10,1164,0.6073883161512027,0.6014691657917405,0.5919150359462222,0.3509038565628604,0.0191775557785064,0.016177478747850138
kdj_cross_only,W1,20,1158,0.6303972366148531,0.630569231541003,-0.017199492614983214,0.5170183711480605,0.03533091639989404,0.02990651956316792
kdj_cross_only,W1,60,1137,0.6904133685136323,0.6952040063232915,-0.47906378096591595,0.6499209755200286,0.10911100224869845,0.07972739035219822
kdj_cross_only,W2,1,3820,0.5130890052356021,0.5084985971114195,0.45904081241825434,0.290528301089635,0.0016982889129740974,0.0006931994610156478
kdj_cross_only,W2,3,3818,0.5167627029858565,0.5234712412932281,-0.6708538307371614,0.8015432699739178,0.0030539057085877982,0.0016481873132675462
kdj_cross_only,W2,5,3818,0.534049240440021,0.5349261898853686,-0.08769494453475524,0.5497406096837419,0.005151007665706184,0.0040114568580861265
kdj_cross_only,W2,10,3818,0.5453116815086433,0.5552020035859675,-0.989032207732421,0.8940510492286537,0.010915161175011916,0.008648895633724396
kdj_cross_only,W2,20,3812,0.5674186778593914,0.5727063922760149,-0.5287714416623568,0.7512624851846117,0.023157175650358176,0.017925062228099198
kdj_cross_only,W2,60,3791,0.6125032972830388,0.618344195030705,-0.5840897747666274,0.7768675202755926,0.07457432515263582,0.05282147027254336
kdj_k_lt_30,W1,1,217,0.5299539170506913,0.5384922073214934,-0.8538290270802107,0.6256999133845436,0.0015834915549539788,0.001865119452893138
kdj_k_lt_30,W1,3,216,0.5,0.5572318007662836,-5.723180076628365,0.9610437269591555,0.0021829272620755807,0.0002775865585415982
kdj_k_lt_30,W1,5,216,0.5509259259259259,0.5722611208357646,-2.1335194909838706,0.7589302832696563,0.0014057110773395235,0.0058482655818637985
kdj_k_lt_30,W1,10,216,0.6157407407407407,0.5999972163068745,1.5743524433866174,0.34338996108923847,0.0158851791208101,0.0160165257803343
kdj_k_lt_30,W1,20,215,0.6046511627906976,0.6285350854877053,-2.3883922697007676,0.787366777205859,0.029928852152383705,0.026336546366966695
kdj_k_lt_30,W1,60,209,0.6794258373205742,0.6913628208957686,-1.193698357519446,0.6739136043311449,0.12015274866340969,0.10995995974478978
kdj_k_lt_30,W2,1,917,0.48091603053435117,0.5058342619893378,-2.4918231454986617,0.9386899965460724,0.0007451547413760157,0.0
kdj_k_lt_30,W2,3,916,0.4661572052401747,0.5202937359055239,-5.413653066534918,0.9995450080990065,-0.0035926950807339013,-0.0016961799102918063
kdj_k_lt_30,W2,5,916,0.48253275109170307,0.5318617237739368,-4.932897268223374,0.9987730995578404,-0.00376971970515356,-0.00164232916328233
kdj_k_lt_30,W2,10,916,0.5054585152838428,0.5510638589198691,-4.560534363602631,0.9975521293872764,-6.757350375252762e-05,0.002742819144094688
kdj_k_lt_30,W2,20,915,0.5245901639344263,0.5672301289238667,-4.263996498944045,0.9959212613855334,0.008653381289325732,0.007999992370605558
kdj_k_lt_30,W2,60,909,0.592959295929593,0.6112028612063145,-1.8243565276721552,0.8790344314169942,0.06458926160222767,0.04811948155153889
kdj_macd_both,W1,1,352,0.5454545454545454,0.5396418539325842,0.5812691521961177,0.4343228419043827,0.003034914510028692,0.0021539026412904505
kdj_macd_both,W1,3,352,0.5397727272727273,0.5592406211666894,-1.9467893893962085,0.7851809456381997,0.005669466641971828,0.003614695458973971
kdj_macd_both,W1,5,352,0.6022727272727273,0.5739254415876697,2.834728568505762,0.15337238792074537,0.011744755879720624,0.010111053529865854
kdj_macd_both,W1,10,352,0.6164772727272727,0.6023079583888491,1.416931433842361,0.3123701236808898,0.02287630231230666,0.01663507349729798
kdj_macd_both,W1,20,349,0.6561604584527221,0.6319537742691033,2.420668418361882,0.18826673137464456,0.043127633557061146,0.03437714983664164
kdj_macd_both,W1,60,347,0.6685878962536023,0.696866615085589,-2.8278718831986738,0.8869990262827001,0.10507400226217048,0.0799620096163498
kdj_macd_both,W2,1,1044,0.5344827586206896,0.510022175167439,2.446058345325064,0.060405409563000466,0.003414575167929808,0.0019374205239981457
kdj_macd_both,W2,3,1044,0.524904214559387,0.5251877325303201,-0.02835179709331781,0.5196944460219162,0.006061382393480954,0.0024115006179153964
kdj_macd_both,W2,5,1044,0.5450191570881227,0.5366318832236425,0.8387273864480127,0.30398398596892,0.008907028519075698,0.005833176739260537
kdj_macd_both,W2,10,1044,0.5737547892720306,0.5573092068996098,1.6445582372420775,0.14906407294694263,0.01511939018898735,0.012084552092905265
kdj_macd_both,W2,20,1041,0.5984630163304515,0.5752999370724959,2.3163079257955577,0.06877700723940408,0.02929807640351535,0.022101207859444916
kdj_macd_both,W2,60,1039,0.6198267564966313,0.6221198401311753,-0.22930836345439465,0.5735802064621774,0.08250652733726516,0.057901519185742156
kdj_k_lt_30_dif_gt_dea,W1,1,9,0.5555555555555556,0.5416562630045776,1.3899292550977993,0.5990439115000661,-0.0030901526750062424,0.0024846983606314765
kdj_k_lt_30_dif_gt_dea,W1,3,9,0.4444444444444444,0.5625104114609362,-11.806596701649175,0.8532687352140189,0.004316981094317403,-0.0026718479573971665
kdj_k_lt_30_dif_gt_dea,W1,5,9,0.5555555555555556,0.578311244477786,-2.2755688922230455,0.682950192269465,0.0006652708319199544,0.004798516154101096
kdj_k_lt_30_dif_gt_dea,W1,10,9,0.4444444444444444,0.6014864921291078,-15.704204768466335,0.9038855410585077,0.0252777820228615,-0.007548397465782841
kdj_k_lt_30_dif_gt_dea,W1,20,9,0.8888888888888888,0.6316274781005071,25.72614107883817,0.10388211298826261,0.1452191449234218,0.08323451670804327
kdj_k_lt_30_dif_gt_dea,W1,60,9,0.7777777777777778,0.708583343972084,6.919443380569379,0.4639509227689775,0.2529024312696284,0.25056553366996304
kdj_k_lt_30_dif_gt_dea,W2,1,64,0.453125,0.4993949577334732,-4.6269957733473195,0.8068462165818449,-0.000570422525872227,-0.0009906806331970719
kdj_k_lt_30_dif_gt_dea,W2,3,64,0.484375,0.5126910267730614,-2.8316026773061442,0.7187238985231112,-0.010153233786276916,-1.648795487363408e-07
kdj_k_lt_30_dif_gt_dea,W2,5,64,0.484375,0.524522014085507,-4.014701408550703,0.7791617732129839,-0.012941397385875816,-0.00019087792645933188
kdj_k_lt_30_dif_gt_dea,W2,10,64,0.375,0.5409122679812595,-16.591226798125945,0.9973997554697266,-0.021144298137135354,-0.024148494081266958
kdj_k_lt_30_dif_gt_dea,W2,20,64,0.578125,0.553505401930269,2.461959806973102,0.39307329320373685,0.025887216120620223,0.025188701957955306
kdj_k_lt_30_dif_gt_dea,W2,60,64,0.671875,0.5951222329464101,7.675276705358991,0.12887665971002915,0.12042712238727257,0.08349618768378808
kdj_k_lt_50_macd_both,W1,1,10,0.5,0.53,-3.0000000000000027,0.6939201535082486,0.005236711617649115,-0.0023618464487016877
kdj_k_lt_50_macd_both,W1,3,10,0.4,0.5448275862068966,-14.482758620689662,0.8920867085405064,0.008285338836728806,-0.004776281503467372
kdj_k_lt_50_macd_both,W1,5,10,0.8,0.5623780945236309,23.76219054763692,0.11577081929768362,0.022689121971528857,0.014948884630955783
kdj_k_lt_50_macd_both,W1,10,10,0.6,0.5843667794062384,1.5633220593761599,0.5873184225584115,0.048260268885279754,0.05219179202069624
kdj_k_lt_50_macd_both,W1,20,10,0.7,0.6080724254998114,9.192757450018851,0.3927163838679988,0.05326698753526436,0.026252831497246665
kdj_k_lt_50_macd_both,W1,60,10,0.6,0.657296055151283,-5.7296055151283,0.7633744637039743,0.194034596122674,0.08426787234160826
kdj_k_lt_50_macd_both,W2,1,35,0.6285714285714286,0.5118854749771586,11.668595359426991,0.11258531869960853,0.008493218931778488,0.008346810414902261
kdj_k_lt_50_macd_both,W2,3,35,0.6571428571428571,0.5271350990214305,13.000775812142662,0.08493955321987151,0.014349261363998696,0.002971675644343641
kdj_k_lt_50_macd_both,W2,5,35,0.7142857142857143,0.538755721659135,17.55299926265793,0.027716180387508924,0.018072757146788923,0.008191184733064905
kdj_k_lt_50_macd_both,W2,10,35,0.5714285714285714,0.5603049384755895,1.112363295298191,0.5150568777106415,0.017411213726415197,0.010196147594234928
kdj_k_lt_50_macd_both,W2,20,35,0.6,0.5797353557537803,2.0264644246219654,0.4713545992246733,0.011412619642944924,0.01953125
kdj_k_lt_50_macd_both,W2,60,35,0.6571428571428571,0.6273325564717273,2.9810300671129886,0.42428028091384795,0.11895974785794579,0.07336332299763604
