stage,band,macd_mode,exit,lookahead,n_closed,n_open,win_rate,base_rate,z,p_value,expected_wins,wins,mean_ret,median_ret,mean_hold_bars,median_hold_bars,profit_factor,edge_pp,symbols_scored,symbols_with_positive_edge
S,b_00_20,none,death_cross,False,176,0,0.3409090909090909,0.5273876512268262,-5.0402785352263955,0.9999997675726077,92.8202266159214,60.0,-0.007454409942674709,-0.016937857077932494,6.7727272727272725,6.0,0.8084292760387403,-18.64785603177353,4,0
S,b_00_20,none,k_turn_down,False,176,0,0.3125,0.5178572215164923,-5.535388047664131,0.999999984472998,91.14287098690264,55.0,0.0004888629465154742,-0.015069481367121884,3.9886363636363638,3.0,1.0191254196911554,-20.535722151649228,4,0
S,b_00_20,none,k_over_80,False,99,0,0.6060606060606061,0.563788677802961,0.7523167461564116,0.225930299772794,55.815079102493144,60.0,0.00832691524852394,0.039567540496363796,32.4040404040404,29.0,1.1559049323267265,4.227192825764503,4,3
S,b_00_20,none,macd_death,False,121,0,0.4793388429752066,0.55982028533895,-1.889201025146385,0.9705675512850634,67.73825452601295,58.0,0.014844803072335546,-0.0026711806144252837,29.330578512396695,27.0,1.2330523108744258,-8.048144236374338,4,1
S,b_00_20,none,trail_5,False,150,1,0.4066666666666667,0.538670160688773,-3.33831770587461,0.9995785634201005,80.80052410331595,61.0,0.008097844783403889,-0.018161500681402765,14.32,8.0,1.2080536336534184,-13.200349402210637,4,0
S,b_00_20,none,trail_10,False,131,1,0.4198473282442748,0.5606411039679067,-3.3719191547065317,0.9996267682170785,73.44398461979577,55.0,0.03353722153248086,-0.021641788814083185,35.969465648854964,19.0,1.5910659418202286,-14.079377572363189,4,0
S,b_00_20,none,fixed_5,False,147,0,0.46258503401360546,0.5242944511370251,-1.5828013062716904,0.9432666205465533,77.07128431714268,68.0,-0.0019115779552741862,-0.0045712669116128035,5.0,5.0,0.940070690842628,-6.170941712341965,4,0
S,b_00_20,none,fixed_10,False,134,0,0.44776119402985076,0.5454097736756599,-2.360387457728654,0.9908720716828537,73.08490967253843,60.0,-0.007481949783475158,-0.007316334075588848,10.0,10.0,0.8391488333392342,-9.764857964580914,4,0
S,b_00_20,none,fixed_20,False,122,0,0.48360655737704916,0.5505869025764184,-1.583908727451766,0.9433927544816371,67.17160211432305,59.0,-0.009336011649634244,-0.001700852041894907,20.0,20.0,0.8631693837093599,-6.698034519936924,4,0
S,b_00_20,dif_gt_dea,death_cross,False,12,0,0.4166666666666667,0.5139230743120343,-0.9643866345052112,0.8325739397177365,6.167076891744411,5.0,0.042277232933130404,-0.014913227024798748,6.333333333333333,4.5,2.3078237205363417,-9.725640764536763,0,0
S,b_00_20,dif_gt_dea,k_turn_down,False,12,0,0.3333333333333333,0.5102077183445451,-1.51680428510945,0.9353419475798976,6.122492620134542,4.0,0.03495741411381239,-0.02016230807090058,4.416666666666667,3.0,2.3681514375112647,-17.687438501121182,0,0
S,b_00_20,dif_gt_dea,k_over_80,False,7,0,0.5714285714285714,0.5370762627326627,-0.19847964892571351,0.5786650970909085,3.759533839128639,4.0,0.07879191347034772,0.04459458370988978,30.0,31.0,2.8660380431608727,3.435230869590866,0,0
S,b_00_20,dif_gt_dea,macd_death,False,10,0,0.6,0.5162021364811007,0.2150182672742142,0.41487653820857506,5.162021364811007,6.0,0.08417215900770209,0.020962227488862117,19.7,21.5,2.588609293047397,8.379786351889928,0,0
S,b_00_20,dif_gt_dea,trail_5,False,10,0,0.5,0.5210340999848542,-0.4507316434665748,0.6739085134669826,5.210340999848542,5.0,0.06672366159153315,0.015027697552160157,10.3,10.0,3.209576701414682,-2.103409998485417,0,0
S,b_00_20,dif_gt_dea,trail_10,False,9,0,0.4444444444444444,0.5204204943504396,-0.7945022301445814,0.7865484444138893,4.683784449153956,4.0,0.020514683090141,-0.021641788814083185,17.333333333333332,12.0,1.3421264386680254,-7.597604990599516,0,0
S,b_00_20,dif_gt_dea,fixed_5,False,10,0,0.6,0.513578062804069,0.23080155590950113,0.40873448621304653,5.13578062804069,6.0,0.01154874079669128,0.02281473629882058,5.0,5.0,1.2526033551942826,8.642193719593095,0,0
S,b_00_20,dif_gt_dea,fixed_10,False,10,0,0.5,0.529001549701129,-0.5013292519253605,0.691930289167173,5.29001549701129,5.0,0.016748062460200497,0.012847885893148336,10.0,10.0,1.233487604769145,-2.9001549701129004,0,0
S,b_00_20,dif_gt_dea,fixed_20,False,9,0,0.6666666666666666,0.5203264058378324,0.546691152886423,0.2922954666716604,4.682937652540492,6.0,0.05580907035486615,0.01351350045186761,20.0,20.0,1.856256319110057,14.634026082883423,0,0
S,b_00_20,dif_gt_zero,death_cross,False,1,0,0.0,0.5411322423706325,-2.0893462548568937,0.9816617172674226,0.5411322423706325,0.0,-0.02820837557817979,-0.02820837557817979,5.0,5.0,0.0,-54.11322423706325,0,0
S,b_00_20,dif_gt_zero,k_turn_down,False,1,0,0.0,0.5253038674033149,-2.053238739310995,0.9799752855115254,0.5253038674033149,0.0,-0.01645687971768761,-0.01645687971768761,2.0,2.0,0.0,-52.530386740331494,0,0
S,b_00_20,dif_gt_zero,k_over_80,False,1,0,1.0,0.5653232949512843,-0.13177604192555045,0.5524192814767305,0.5653232949512843,1.0,0.14104382011459005,0.14104382011459005,11.0,11.0,inf,43.46767050487157,0,0
S,b_00_20,dif_gt_zero,macd_death,False,1,0,1.0,0.6083667111704495,-0.2220104270375013,0.5878471168629525,0.6083667111704495,1.0,0.3018340423645345,0.3018340423645345,33.0,33.0,inf,39.16332888295505,0,0
S,b_00_20,dif_gt_zero,trail_5,False,1,0,0.0,0.5411322423706325,-2.0893462548568937,0.9816617172674226,0.5411322423706325,0.0,-0.02820837557817979,-0.02820837557817979,5.0,5.0,0.0,-54.11322423706325,0,0
S,b_00_20,dif_gt_zero,trail_10,False,1,0,1.0,0.6083277666443999,-0.22192671125688937,0.5878145318016473,0.6083277666443999,1.0,0.2143866638575347,0.2143866638575347,36.0,36.0,inf,39.16722333556001,0,0
S,b_00_20,dif_gt_zero,fixed_5,False,1,0,0.0,0.5411322423706325,-2.0893462548568937,0.9816617172674226,0.5411322423706325,0.0,-0.02820837557817979,-0.02820837557817979,5.0,5.0,0.0,-54.11322423706325,0,0
S,b_00_20,dif_gt_zero,fixed_10,False,1,0,1.0,0.5627628957272526,-0.12652657151446978,0.5503424414820863,0.5627628957272526,1.0,0.07663211460822494,0.07663211460822494,10.0,10.0,inf,43.72371042727474,0,0
S,b_00_20,dif_gt_zero,fixed_20,False,1,0,1.0,0.564011537608165,-0.1290852936432215,0.5513549206912871,0.564011537608165,1.0,0.21156620105844337,0.21156620105844337,20.0,20.0,inf,43.598846239183494,0,0
S,b_00_20,both,death_cross,False,0,0,,,,,,,,,,,,,0,0
S,b_00_20,both,k_turn_down,False,0,0,,,,,,,,,,,,,0,0
S,b_00_20,both,k_over_80,False,0,0,,,,,,,,,,,,,0,0
S,b_00_20,both,macd_death,False,0,0,,,,,,,,,,,,,0,0
S,b_00_20,both,trail_5,False,0,0,,,,,,,,,,,,,0,0
S,b_00_20,both,trail_10,False,0,0,,,,,,,,,,,,,0,0
S,b_00_20,both,fixed_5,False,0,0,,,,,,,,,,,,,0,0
S,b_00_20,both,fixed_10,False,0,0,,,,,,,,,,,,,0,0
S,b_00_20,both,fixed_20,False,0,0,,,,,,,,,,,,,0,0
S,b_00_20,hist_rising,death_cross,False,164,0,0.35365853658536583,0.5277081364542264,-4.551667239568855,0.9999973388766595,86.54413437849313,58.0,-0.0062963520447733255,-0.01656512348071032,6.908536585365853,6.0,0.8395232301866499,-17.40495998688606,4,0
S,b_00_20,hist_rising,k_turn_down,False,164,0,0.32926829268292684,0.5182943350689906,-4.929922963045751,0.9999995886897539,85.00027095131446,54.0,0.002472385679934384,-0.014590749132805114,4.097560975609756,3.0,1.0991314621285313,-18.902604238606376,4,0
S,b_00_20,hist_rising,k_over_80,False,95,0,0.6105263157894737,0.5622198944458182,0.851941125327278,0.19712338487450187,53.410889972352734,58.0,0.012296481738828562,0.045691232361681156,32.04210526315789,29.0,1.2368291334269277,4.830642134365548,4,3
S,b_00_20,hist_rising,macd_death,False,116,0,0.5,0.5594889040658025,-1.3949239695583184,0.9184806159420849,64.90071287163309,58.0,0.019135635482316907,0.0006989915130586333,29.49137931034483,28.0,1.3115234625276961,-5.948890406580254,4,1
S,b_00_20,hist_rising,trail_5,False,142,1,0.4014084507042254,0.5383634737035026,-3.3713791281414407,0.9996260357442557,76.44761326589736,57.0,0.008319716678031858,-0.019909642645939196,14.105633802816902,8.0,1.2119225193737013,-13.69550229992772,4,0
S,b_00_20,hist_rising,trail_10,False,125,1,0.416,0.5611278106715595,-3.398216381741506,0.9996608662493073,70.14097633394493,52.0,0.035942540924827765,-0.021734066063403112,36.296,19.0,1.6209502834193281,-14.51278106715595,4,0
S,b_00_20,hist_rising,fixed_5,False,140,0,0.45714285714285713,0.5242312941209945,-1.6763328306370555,0.9531634911792914,73.39238117693922,64.0,-0.0021579906104453,-0.005377771626548344,5.0,5.0,0.9338117121970295,-6.708843697813732,4,0
S,b_00_20,hist_rising,fixed_10,False,128,0,0.453125,0.5450737093737135,-2.1811472647240997,0.9854137370552408,69.76943479983532,58.0,-0.005909506018332507,-0.007316334075588848,10.0,10.0,0.8739166283235894,-9.194870937371347,4,0
S,b_00_20,hist_rising,fixed_20,False,116,0,0.49137931034482757,0.5504338284684628,-1.3769855358948704,0.9157416401059288,63.85032410234168,57.0,-0.006699302381507422,-0.0010107108863051661,20.0,20.0,0.9010916494666378,-5.905451812363522,4,1
S,b_00_20,recent_cross,death_cross,False,9,0,0.4444444444444444,0.5040976260259613,-0.6919244707805949,0.755507618905553,4.536878634233652,4.0,0.027429576448377797,-0.017006802941754384,6.666666666666667,5.0,1.7732451615508158,-5.965318158151689,0,0
S,b_00_20,recent_cross,k_turn_down,False,9,0,0.4444444444444444,0.5026723676699961,-0.6831939300540112,0.7527578461551716,4.524051309029965,4.0,0.051742953377914506,-0.017006802941754384,5.555555555555555,4.0,3.4250117117907632,-5.82279232255517,0,0
S,b_00_20,recent_cross,k_over_80,False,6,0,0.6666666666666666,0.5175104893878223,0.32442878851419255,0.37280671365482543,3.1050629363269335,4.0,0.10791439475834164,0.12554553759756903,24.833333333333332,23.0,3.6266849372729064,14.915617727884435,0,0
S,b_00_20,recent_cross,macd_death,False,8,0,0.625,0.5114191281630829,0.2910137957579901,0.3855203842183636,4.091353025304663,5.0,0.14487431948603613,0.18668389052998924,26.375,30.0,3.4450802117793926,11.358087183691712,0,0
S,b_00_20,recent_cross,trail_5,False,8,0,0.5,0.5059014758316392,-0.3872150195560309,0.6507014841038583,4.047211806653114,4.0,0.07165781892806385,0.006504599283689738,10.875,10.0,3.6451809002727202,-0.5901475831639247,0,0
S,b_00_20,recent_cross,trail_10,False,8,0,0.5,0.516482195312957,-0.44998202535733567,0.6736382993425507,4.131857562503656,4.0,0.06257520685034751,0.04002653947639123,21.625,17.0,2.570029466027269,-1.6482195312957026,0,0
S,b_00_20,recent_cross,fixed_5,False,8,0,0.5,0.5039805395842547,-0.37645502365215466,0.6467106768557149,4.031844316674038,4.0,0.00799174132218676,-0.006527959965340224,5.0,5.0,1.2035734627682224,-0.39805395842547053,0,0
S,b_00_20,recent_cross,fixed_10,False,8,0,0.5,0.5187071064866061,-0.4601554238707032,0.6772976678736662,4.149656851892849,4.0,0.010231106717567051,0.012847885893148336,10.0,10.0,1.1651232796088915,-1.8707106486606118,0,0
S,b_00_20,recent_cross,fixed_20,False,8,0,0.75,0.5148657643665409,0.9795577068194056,0.16365224514015592,4.118926114932327,6.0,0.07151143415828953,0.03954567740960657,20.0,20.0,2.131994302460769,23.513423563345913,0,0
S,b_00_20,dif_rising,death_cross,False,66,0,0.36363636363636365,0.5279561487140518,-2.8026788852415163,0.9974659949027299,34.84510581512742,24.0,-0.006366810153625951,-0.016937857077932494,6.909090909090909,7.5,0.8343351202854422,-16.431978507768818,4,0
S,b_00_20,dif_rising,k_turn_down,False,66,0,0.36363636363636365,0.518179498147036,-2.639647602940181,0.9958503862794861,34.199846877704374,24.0,0.0075061945000170945,-0.015620426213421301,4.257575757575758,3.0,1.310610513174251,-15.454313451067236,4,0
S,b_00_20,dif_rising,k_over_80,False,42,0,0.6190476190476191,0.5604977088390133,0.6142466679677937,0.26952616947990976,23.540903771238558,26.0,0.028031792010919685,0.04503284585764067,32.023809523809526,30.0,1.6634129780184759,5.854991020860578,3,2
S,b_00_20,dif_rising,macd_death,False,54,0,0.5370370370370371,0.5580992517242724,-0.4523814359929807,0.674502890907694,30.13735959311071,29.0,0.016044724821133522,0.007437739579886027,26.90740740740741,23.5,1.2487152837593773,-2.1062214687235348,3,0
S,b_00_20,dif_rising,trail_5,False,60,0,0.4166666666666667,0.5381526119272874,-2.0251353071496863,0.9785732638399414,32.28915671563724,25.0,0.01456120986178866,-0.01327085216859436,13.3,8.0,1.4006448520719987,-12.148594526062068,3,0
S,b_00_20,dif_rising,trail_10,False,52,0,0.5,0.5669404869589765,-1.1310002774423478,0.8709725126711627,29.480905321866775,26.0,0.05449844741637219,0.0023267752443781875,40.19230769230769,23.0,2.0742627118735313,-6.6940486958976475,2,1
S,b_00_20,dif_rising,fixed_5,False,61,0,0.4426229508196721,0.5233080810105757,-1.3917685852554822,0.9180037571049957,31.92179294164512,27.0,-0.0023811168308272633,-0.012161524331080198,5.0,5.0,0.9251610382564688,-8.068513019090357,3,1
S,b_00_20,dif_rising,fixed_10,False,56,0,0.42857142857142855,0.5434649142558912,-1.8632876670952168,0.9687890978208278,30.434035198329905,24.0,-0.0052613898280285025,-0.014712391666574565,10.0,10.0,0.872697885290584,-11.489348568446262,3,0
S,b_00_20,dif_rising,fixed_20,False,51,0,0.47058823529411764,0.5485080320775698,-1.2638580831604227,0.8968595154260177,27.973909635956062,24.0,-0.007971170874033864,-0.0216450015388836,20.0,20.0,0.8704315654404566,-7.791979678345218,3,1
S,b_20_50,none,death_cross,False,774,1,0.42506459948320413,0.5398413513603365,-6.45694206275429,0.9999999999465801,417.8372059529005,329.0,0.007284750699756251,-0.00842584332282903,6.763565891472868,7.0,1.3072601140568454,-11.477675187713238,5,0
S,b_20_50,none,k_turn_down,False,775,0,0.43612903225806454,0.5283520575985615,-5.186765870373981,0.9999998930112682,409.47284463888514,338.0,0.004377506157066207,-0.004915825233427373,4.161290322580645,4.0,1.238747923407286,-9.222302534049698,5,0
S,b_20_50,none,k_over_80,False,342,2,0.7368421052631579,0.5670382219568719,6.322439926664668,1.287325649203345e-10,193.9270719092502,252.0,0.02564544505250795,0.03566512328838256,24.65497076023392,16.0,1.781625449467573,16.980388330628593,5,5
S,b_20_50,none,macd_death,False,493,2,0.5212981744421906,0.5692089223783857,-2.2065256230372556,0.9863263908994502,280.61999873254416,257.0,0.019687877609423983,0.005470243426703103,21.36105476673428,18.0,1.5156053427142542,-4.79107479361951,5,1
S,b_20_50,none,trail_5,False,574,4,0.43205574912891986,0.5590742824513016,-6.218277098761673,0.9999999997486784,320.90863812704714,248.0,0.014946002441778683,-0.011299451009575301,17.179442508710803,10.0,1.4772027236783594,-12.701853332238178,5,1
S,b_20_50,none,trail_10,False,368,5,0.40217391304347827,0.5676286055007027,-6.536435439624286,0.9999999999684989,208.8873268242586,148.0,0.04505123355805463,-0.029773549104657848,35.380434782608695,18.0,1.9320460381532634,-16.545469245722444,4,0
S,b_20_50,none,fixed_5,False,675,0,0.5703703703703704,0.5340453284446887,1.8556233468853864,0.03175363176221268,360.4805967001649,385.0,0.0067668481552704204,0.006983920557896761,5.0,5.0,1.316448508208658,3.6325041925681756,5,5
S,b_20_50,none,fixed_10,False,586,0,0.5426621160409556,0.5557604229672561,-0.6807663939799301,0.7519903412078917,325.6756078588121,318.0,0.0064351572843134005,0.00774893815066946,10.0,10.0,1.196207051351785,-1.309830692630054,5,3
S,b_20_50,none,fixed_20,False,451,2,0.549889135254989,0.5698307685060054,-0.9073761960467789,0.8178960535477644,256.99367659620845,248.0,0.01871029169573872,0.016509475339645308,20.0,20.0,1.4460591773922986,-1.99416332510165,5,2
S,b_20_50,dif_gt_dea,death_cross,False,129,0,0.4186046511627907,0.5313094990044497,-2.658267102690911,0.99607281919126,68.53892537157401,54.0,0.011934962747770027,-0.008682015551135791,6.248062015503876,6.0,1.4762211396589515,-11.270484784165896,4,0
S,b_20_50,dif_gt_dea,k_turn_down,False,129,0,0.4496124031007752,0.520156697957982,-1.6940280370768477,0.9548700222609378,67.10021403657969,58.0,0.00811969240082913,-0.004720141280130652,3.689922480620155,3.0,1.4036557233628693,-7.054429485720681,4,0
S,b_20_50,dif_gt_dea,k_over_80,False,81,1,0.7777777777777778,0.5581214440434621,3.891722841808878,4.9767455240434305e-05,45.20783696752043,63.0,0.038164943754800895,0.043029791699918274,26.333333333333332,18.0,2.180767544381647,21.96563337343157,4,4
S,b_20_50,dif_gt_dea,macd_death,False,106,0,0.44339622641509435,0.5505508490150056,-2.325031220151118,0.9899648545657785,58.3583899955906,47.0,0.02745884764531636,-0.012365264118016417,16.19811320754717,14.0,1.6667877878471864,-10.715462259991126,4,0
S,b_20_50,dif_gt_dea,trail_5,False,111,0,0.5135135135135135,0.5513648448828763,-0.9041909525164088,0.8170529215928428,61.201497781999265,57.0,0.022015897655254583,0.0016792960059384132,16.54054054054054,9.0,1.7563947234574995,-3.7851331369362806,4,0
S,b_20_50,dif_gt_dea,trail_10,False,96,2,0.4583333333333333,0.5690276999348867,-2.3217486197711623,0.989876762341628,54.62665919374912,44.0,0.06600456450009791,-0.016787958933196956,41.46875,19.0,2.444115404039932,-11.069436660155334,4,0
S,b_20_50,dif_gt_dea,fixed_5,False,114,0,0.543859649122807,0.5282039225038587,0.24133359971741095,0.4046482857627615,60.21524716543989,62.0,0.005744450802930003,0.006631502823311264,5.0,5.0,1.2066285462475188,1.5655726618948318,4,3
S,b_20_50,dif_gt_dea,fixed_10,False,105,0,0.5047619047619047,0.5488389343574271,-1.00718690043186,0.8430775165467912,57.62808810752985,53.0,0.008848088312749152,0.001372386318856611,10.0,10.0,1.2383606387877055,-4.40770295955224,4,1
S,b_20_50,dif_gt_dea,fixed_20,False,95,0,0.5684210526315789,0.5575883630341292,0.1096917667658436,0.4563269150911137,52.97089448824227,54.0,0.024194417127864652,0.02578679048850341,20.0,20.0,1.4706924877575,1.0832689597449763,4,2
S,b_20_50,dif_gt_zero,death_cross,False,245,0,0.47346938775510206,0.5436476599943619,-2.273800241924688,0.9885110001456804,133.19367669861867,116.0,0.01288627258632408,-0.0025502916307346135,6.636734693877551,7.0,1.7597011515074896,-7.017827223925988,5,0
S,b_20_50,dif_gt_zero,k_turn_down,False,245,0,0.5265306122448979,0.5327474832521949,-0.2594172700716132,0.6023433469456585,130.52313339678776,129.0,0.011761158333772883,0.0032161305069207113,4.285714285714286,4.0,1.9651055442918903,-0.6216871007296954,5,2
S,b_20_50,dif_gt_zero,k_over_80,False,191,0,0.7329842931937173,0.5710826791420595,4.473904553062662,3.840201816576547e-06,109.07679171613336,140.0,0.021195545873941974,0.033778483721560226,23.6282722513089,15.0,1.6709342827304898,16.19016140516578,5,5
S,b_20_50,dif_gt_zero,macd_death,False,206,0,0.5922330097087378,0.5769979496285828,0.3740761500213986,0.354173831114133,118.86157762348805,122.0,0.022845578958128884,0.010551869424213267,20.859223300970875,17.0,1.8124182575999073,1.5235060080155072,5,3
S,b_20_50,dif_gt_zero,trail_5,False,184,1,0.5054347826086957,0.5739782867239306,-1.971701898480818,0.9756781765983086,105.61200475720324,93.0,0.023147945332984095,0.001521951954303602,21.054347826086957,12.0,1.8418734830182695,-6.854350411523491,5,1
S,b_20_50,dif_gt_zero,trail_10,False,125,3,0.464,0.5912923082085694,-3.036802494790675,0.9988044896707109,73.91153852607117,58.0,0.06996233121117368,-0.007255288790015912,47.776,22.0,2.6229667905361698,-12.729230820856936,4,0
S,b_20_50,dif_gt_zero,fixed_5,False,224,0,0.6205357142857143,0.5385740955496873,2.3964008945886963,0.008278485135752996,120.64059740312996,139.0,0.014359773055467318,0.01211509139289113,5.0,5.0,1.9270433662999211,8.196161873602703,5,4
S,b_20_50,dif_gt_zero,fixed_10,False,212,0,0.5801886792452831,0.5610791014382761,0.49217833272414835,0.3112966401425533,118.94876950491454,123.0,0.007437951135958874,0.01517938260180951,10.0,10.0,1.2482783979186323,1.910957780700695,5,4
S,b_20_50,dif_gt_zero,fixed_20,False,191,0,0.5549738219895288,0.5783303470213406,-0.7303995057134901,0.767426989789536,110.46109628107604,106.0,0.01700123963969708,0.016879939397682175,20.0,20.0,1.4634289127507907,-2.3356525031811737,5,2
S,b_20_50,both,death_cross,False,17,0,0.47058823529411764,0.5413271171100086,-0.829676711425561,0.7966392040147502,9.202560990870145,8.0,0.017215048713192654,-0.004504323171785951,6.764705882352941,6.0,2.013253419700317,-7.073888181589094,0,0
S,b_20_50,both,k_turn_down,False,17,0,0.7058823529411765,0.5296477750802567,1.213559601577486,0.11245797082672404,9.004012176364364,12.0,0.027176489172658618,0.006289334431674787,4.352941176470588,4.0,3.386308088724982,17.62345778609198,0,0
S,b_20_50,both,k_over_80,False,15,0,0.8666666666666667,0.5755712161659557,2.0309323221250017,0.021130930213454104,8.633568242489336,13.0,0.036301540094486266,0.03747845721035259,31.2,20.0,2.2534649612747737,29.109545050071095,0,0
S,b_20_50,both,macd_death,False,17,0,0.35294117647058826,0.5484550728482898,-1.866459771702755,0.9690114663555037,9.323736238420926,6.0,-0.0053760119085900894,-0.01931594642034673,9.235294117647058,8.0,0.7874964753798733,-19.55138963777015,0,0
S,b_20_50,both,trail_5,False,17,0,0.5294117647058824,0.5677658752586501,-0.567247737640439,0.714727060545992,9.65201987939705,9.0,0.033342383575525485,0.0017716838911687738,27.0,16.0,2.097669389493462,-3.8354110552767717,0,0
S,b_20_50,both,trail_10,False,15,0,0.5333333333333333,0.595456763092679,-0.7611586971990898,0.7767188576704154,8.931851446390185,8.0,0.09560763320702777,0.03960383510959642,80.33333333333333,30.0,3.616358246738732,-6.21234297593457,0,0
S,b_20_50,both,fixed_5,False,17,0,0.6470588235294118,0.5345500429273877,0.6874641815394097,0.24589513238633492,9.08735072976559,11.0,0.019312434608313934,0.013433537030919096,5.0,5.0,1.9809384151173521,11.250878060202407,0,0
S,b_20_50,both,fixed_10,False,17,0,0.5294117647058824,0.5570329083592701,-0.4737496533852275,0.682160779626025,9.469559442107592,9.0,0.008078552107444969,0.010196147594234928,10.0,10.0,1.2849362720562552,-2.7621143653387747,0,0
S,b_20_50,both,fixed_20,False,17,0,0.5294117647058824,0.5677703963768778,-0.5651559351470996,0.7140161472374636,9.652096738406922,9.0,-0.007879536382172026,0.018712575331171655,20.0,20.0,0.8205242611763467,-3.8358631670995402,0,0
S,b_20_50,hist_rising,death_cross,False,750,1,0.42933333333333334,0.5401402249220599,-6.138615165357293,0.9999999995837803,405.1051686915449,322.0,0.007648418318167364,-0.008554771524565574,6.844,7.0,1.321837321751809,-11.080689158872659,5,0
S,b_20_50,hist_rising,k_turn_down,False,751,0,0.4394141145139814,0.5285763720825337,-4.938822925532229,0.9999996070223003,396.96085543398283,330.0,0.0043311174917699605,-0.004915825233427373,4.203728362183755,4.0,1.2358920233847177,-8.916225756855233,5,0
S,b_20_50,hist_rising,k_over_80,False,340,2,0.7411764705882353,0.5666746900793106,6.478589662575611,4.629195422960016e-11,192.6693946269656,252.0,0.026571489518331524,0.0360445164478812,24.44705882352941,16.0,1.825943538059366,17.45017805089247,5,5
S,b_20_50,hist_rising,macd_death,False,488,2,0.5204918032786885,0.5689411485999253,-2.2195670860063377,0.9867759156989021,277.6432805167635,254.0,0.020362667028591422,0.0048143654041881145,21.266393442622952,18.0,1.5352601157961616,-4.844934532123679,5,1
S,b_20_50,hist_rising,trail_5,False,565,4,0.43716814159292033,0.5590049881232384,-5.919851133041498,0.9999999983888342,315.8378182896297,247.0,0.015711306894576692,-0.011021280111251253,17.23362831858407,10.0,1.504294235487829,-12.183684653031806,5,1
S,b_20_50,hist_rising,trail_10,False,364,5,0.4065934065934066,0.5675946299211289,-6.326463448737788,0.9999999998745781,206.6044452912909,148.0,0.046239352785303695,-0.02905516435702793,35.53846153846154,18.0,1.9651246219989325,-16.100122332772226,4,0
S,b_20_50,hist_rising,fixed_5,False,662,0,0.5709969788519638,0.53406694643478,1.8681722433818184,0.030869033178982055,353.5523185398244,378.0,0.00697312412563842,0.006990790695969973,5.0,5.0,1.3248376808709739,3.6930032417183734,5,4
S,b_20_50,hist_rising,fixed_10,False,577,0,0.5407279029462738,0.555746530325989,-0.7691365365674827,0.7790938698093293,320.66574799809564,312.0,0.0068788582911074175,0.007086337191311687,10.0,10.0,1.2116135955542329,-1.5018627379715155,5,3
S,b_20_50,hist_rising,fixed_20,False,445,2,0.5550561797752809,0.5698920728504012,-0.6833219356446792,0.7527982819217676,253.60197241842855,247.0,0.02068179732021939,0.016666717440995127,20.0,20.0,1.5085703834453281,-1.4835893075120343,5,2
S,b_20_50,recent_cross,death_cross,False,81,0,0.43209876543209874,0.5317079066455856,-1.9116114305695793,0.9720369739480209,43.06834043829244,35.0,0.02046557260708584,-0.008820999697168652,6.716049382716049,6.0,1.8345669671300453,-9.96091412134869,4,0
S,b_20_50,recent_cross,k_turn_down,False,81,0,0.4691358024691358,0.5197472099866928,-1.0242660442604263,0.847145184206638,42.09952400892212,38.0,0.010784921474682983,-0.004012101855452088,3.9753086419753085,3.0,1.535661023061457,-5.061140751755699,4,2
S,b_20_50,recent_cross,k_over_80,False,58,1,0.7586206896551724,0.5561178716425361,2.990187681412878,0.0013940304118757914,32.2548365552671,44.0,0.022867364535741036,0.0414388797691192,26.896551724137932,18.5,1.5177295683660017,20.250281801263625,3,3
S,b_20_50,recent_cross,macd_death,False,76,0,0.42105263157894735,0.548809604410117,-2.363383079805734,0.9909455300903395,41.70952993516889,32.0,0.0359466682961116,-0.01626483478199292,15.868421052631579,14.0,1.9320826757532554,-12.77569728311696,4,1
S,b_20_50,recent_cross,trail_5,False,72,0,0.5,0.556295337073441,-1.0916700398769457,0.8625109207773046,40.05326426928775,36.0,0.03225170080528414,-0.005109991759437771,21.875,9.5,2.032902683840534,-5.629533707344104,4,0
S,b_20_50,recent_cross,trail_10,False,63,3,0.4444444444444444,0.5693002553374253,-2.160187007121977,0.9846209022120634,35.8659160862578,28.0,0.07242379624190985,-0.028205547772041095,46.07936507936508,21.0,2.4159374906017277,-12.485581089298092,3,0
S,b_20_50,recent_cross,fixed_5,False,75,0,0.5466666666666666,0.526915369842604,0.22724254553225492,0.4101175731877602,39.5186527381953,41.0,0.008797013595838172,0.007393823831237878,5.0,5.0,1.357834841490039,1.9751296824062625,4,3
S,b_20_50,recent_cross,fixed_10,False,74,0,0.527027027027027,0.5478584625699678,-0.47756720308266976,0.6835208606890251,40.541526230177624,39.0,0.016233000577715526,0.006359777999279115,10.0,10.0,1.4130231618751221,-2.083143554294087,4,1
S,b_20_50,recent_cross,fixed_20,False,69,0,0.5507246376811594,0.5565475330114763,-0.21937476821326896,0.58682093831081,38.401779777791866,38.0,0.034343661321226904,0.029600909267885944,20.0,20.0,1.6838645015196632,-0.582289533031688,4,2
S,b_20_50,dif_rising,death_cross,False,528,1,0.42992424242424243,0.539364099416396,-5.09917757327403,0.9999998294337926,284.78424449185707,227.0,0.008408546994501253,-0.009415401990314987,7.03030303030303,7.0,1.33766413097212,-10.943985699215354,5,1
S,b_20_50,dif_rising,k_turn_down,False,529,0,0.44234404536862004,0.527357860744819,-3.9659473210527056,0.9999634474956972,278.97230833400926,234.0,0.005044383069132595,-0.004915825233427373,4.238185255198488,4.0,1.2684797711407265,-8.501381537619901,5,1
S,b_20_50,dif_rising,k_over_80,False,267,2,0.7378277153558053,0.5629650453042818,5.732178799415983,4.957433623311592e-09,150.31166709624324,197.0,0.022381317041436203,0.035819402204307904,24.164794007490638,15.0,1.6499813423120346,17.486267005152346,5,5
S,b_20_50,dif_rising,macd_death,False,383,2,0.4725848563968668,0.5642364015845744,-3.687317007091452,0.9998866845207612,216.10254180689202,181.0,0.01910657636441153,-0.004446251318899197,20.19060052219321,18.0,1.4822913710568528,-9.165154518770763,5,0
S,b_20_50,dif_rising,trail_5,False,432,4,0.4212962962962963,0.5567253951862938,-5.755256745535394,0.9999999956744894,240.50537072047894,182.0,0.013573911392955492,-0.01281568748847467,16.949074074074073,10.0,1.4422664005919283,-13.542909888999755,5,1
S,b_20_50,dif_rising,trail_10,False,294,5,0.3979591836734694,0.5691343743151674,-6.0602854875920755,0.9999999993205992,167.32550604865924,117.0,0.050917489088707135,-0.028640736285556856,36.9421768707483,18.0,2.0877983100381856,-17.117519064169805,4,0
S,b_20_50,dif_rising,fixed_5,False,486,0,0.5761316872427984,0.532522507839139,1.8837012691708876,0.029802697335837746,258.80593880982155,280.0,0.0038373330946838684,0.007064267990605111,5.0,5.0,1.163700063670688,4.360917940365939,5,5
S,b_20_50,dif_rising,fixed_10,False,437,0,0.5217391304347826,0.554166907140305,-1.4140164460190008,0.9213214631213524,242.1709384203133,228.0,0.004378153834732596,0.0045356808318473,10.0,10.0,1.123598840677439,-3.2427776705522438,5,1
S,b_20_50,dif_rising,fixed_20,False,333,3,0.5345345345345346,0.5649323133324456,-1.17898859663857,0.8807986416835543,188.12246033970442,178.0,0.02038879038282133,0.01345290185344239,20.0,20.0,1.4697748154330081,-3.0397778797911057,5,2
S,b_50_80,none,death_cross,False,597,0,0.42546063651591287,0.5322172363661323,-5.279505437315308,0.9999999352334822,317.73369011058094,254.0,0.010040383879540355,-0.006182641499369312,5.050251256281407,4.0,1.6234530798661402,-10.675659985021941,5,0
S,b_50_80,none,k_turn_down,False,597,0,0.4489112227805695,0.5229045665429358,-3.6656903272098424,0.9998766638625969,312.1740262261327,268.0,0.008118562896586301,-0.0026768007336757105,3.1959798994974875,3.0,1.634214571237086,-7.399334376236633,5,0
S,b_50_80,none,k_over_80,False,368,0,0.7663043478260869,0.5492842202517881,8.36596983568602,2.981122505404424e-17,202.13659305265804,282.0,0.02045587831157958,0.022816709135519364,16.91576086956522,6.0,1.8500818480082248,21.702012757429877,5,5
S,b_50_80,none,macd_death,False,398,1,0.49246231155778897,0.5583884124423804,-2.7137026384560596,0.9966732069403382,222.2385881520674,196.0,0.023299345955195287,-0.0002648713374439615,15.633165829145728,12.0,1.948053402144177,-6.592610088459139,5,0
S,b_50_80,none,trail_5,False,345,2,0.4608695652173913,0.5585716345782524,-3.737135295882986,0.9999069356092316,192.70721392949707,159.0,0.020011661697999908,-0.011010784440784738,17.35072463768116,11.0,1.7182737577367768,-9.770206936086112,5,0
S,b_50_80,none,trail_10,False,200,3,0.46,0.5750036164768774,-3.4128550706609597,0.9996785693981781,115.00072329537548,92.0,0.06691855025497598,-0.010889744774974008,44.13,23.5,2.65728667400509,-11.500361647687734,4,0
S,b_50_80,none,fixed_5,False,511,0,0.5675146771037182,0.5332458697177977,1.510453110500967,0.06546392268816324,272.48863942579464,290.0,0.009829531279575268,0.006597129767173859,5.0,5.0,1.5721050677127932,3.426880738592042,5,4
S,b_50_80,none,fixed_10,False,429,0,0.5641025641025641,0.5556699078225128,0.3034607775180948,0.38076936701043396,238.38239045585797,242.0,0.016882255935634718,0.011538542657211881,10.0,10.0,1.7304928633588785,0.8432656280051298,5,2
S,b_50_80,none,fixed_20,False,339,1,0.6017699115044248,0.5687304229488285,1.1797764591707611,0.11904456734495994,192.79961337965287,204.0,0.02996549580082808,0.02345478932362277,20.0,20.0,1.9758731685101372,3.3039488555596352,5,5
S,b_50_80,dif_gt_dea,death_cross,False,367,0,0.44959128065395093,0.5296315459837553,-3.129684096672898,0.9991250280918147,194.3747773760382,165.0,0.013531125417354281,-0.004712109749843818,5.024523160762943,4.0,1.8398427353662519,-8.004026532980435,5,1
S,b_50_80,dif_gt_dea,k_turn_down,False,367,0,0.4550408719346049,0.5212590844996567,-2.595002634920594,0.9952704903079718,191.302084011374,167.0,0.010031794201308798,-0.002875588968427878,3.258855585831063,3.0,1.7152521272961154,-6.621821256505184,5,1
S,b_50_80,dif_gt_dea,k_over_80,False,256,0,0.78125,0.5433233775603676,7.623269979971381,1.2366441580522873e-14,139.09078465545412,200.0,0.019492034486786894,0.0246338244868054,16.03515625,5.5,1.7539062646883687,23.792662243963235,5,5
S,b_50_80,dif_gt_dea,macd_death,False,258,0,0.45348837209302323,0.5478169282434922,-3.1170560470638873,0.9990866657952767,141.33676748682097,117.0,0.027128022763060332,-0.005317372403365828,12.155038759689923,11.0,2.200217906940792,-9.432855615046892,5,0
S,b_50_80,dif_gt_dea,trail_5,False,249,2,0.4819277108433735,0.5571983613137461,-2.4731231261880353,0.9933031005579478,138.74239196712278,120.0,0.0261155815926465,-0.005606460306037397,18.2570281124498,11.0,1.976088548613631,-7.527065047037262,5,1
S,b_50_80,dif_gt_dea,trail_10,False,179,3,0.4748603351955307,0.5750815212184032,-2.830386065658109,0.997675406670788,102.93959229809417,85.0,0.07115514400715811,-0.007999992370605447,44.25698324022346,24.0,2.8464551884234224,-10.022118602287245,4,0
S,b_50_80,dif_gt_dea,fixed_5,False,325,0,0.5815384615384616,0.5305549818930172,1.7883926457594927,0.036856340994305244,172.43036911523058,189.0,0.013524692917211895,0.01056139733592798,5.0,5.0,1.7760114976215418,5.098347964544436,5,4
S,b_50_80,dif_gt_dea,fixed_10,False,280,0,0.5857142857142857,0.5524961691252434,1.0595108602982435,0.14468359293727584,154.69892735506815,164.0,0.020990605201834267,0.013184628990419167,10.0,10.0,1.9353595473073002,3.321811658904239,5,4
S,b_50_80,dif_gt_dea,fixed_20,False,242,0,0.6198347107438017,0.563909161946707,1.6976280013980192,0.044788997216209624,136.4660171911031,150.0,0.036521655516355306,0.027515238229517403,20.0,20.0,2.1820521328075935,5.592554879709466,5,4
S,b_50_80,dif_gt_zero,death_cross,False,495,0,0.4262626262626263,0.5328512078671839,-4.808237789723525,0.9999992386670946,263.761347894256,211.0,0.008755585004053861,-0.006182641499369312,5.026262626262627,4.0,1.5498403251969615,-10.65885816045576,5,0
S,b_50_80,dif_gt_zero,k_turn_down,False,495,0,0.4505050505050505,0.5233640823924673,-3.295120058996072,0.9995081018072194,259.06522078427133,223.0,0.00704225091117182,-0.0022744006432907637,3.1616161616161618,3.0,1.5816703029911854,-7.285903188741683,5,1
S,b_50_80,dif_gt_zero,k_over_80,False,324,0,0.7716049382716049,0.5501530627814671,8.007332989951761,5.861138780108983e-16,178.24959234119535,250.0,0.021028285070969127,0.02094362535403249,16.34567901234568,5.0,2.011753981557484,22.145187549013777,5,5
S,b_50_80,dif_gt_zero,macd_death,False,347,1,0.4956772334293948,0.559456233812804,-2.4609880031192466,0.9930722500484769,194.13131313304297,172.0,0.020055477306115614,-3.4051167452364695e-07,15.207492795389049,11.0,1.8578950081681684,-6.377900038340917,5,0
S,b_50_80,dif_gt_zero,trail_5,False,287,2,0.445993031358885,0.5623837050849938,-4.066584685933282,0.9999761464231626,161.40412335939322,128.0,0.015128451388486933,-0.014572625632447767,17.70383275261324,11.0,1.527020720258717,-11.639067372610878,5,0
S,b_50_80,dif_gt_zero,trail_10,False,165,3,0.40606060606060607,0.5814767536213732,-4.719948810185078,0.9999988204799909,95.94366434752658,67.0,0.06496728571366496,-0.01597444128394665,46.42424242424242,25.0,2.518941257864314,-17.54161475607671,4,0
S,b_50_80,dif_gt_zero,fixed_5,False,426,0,0.568075117370892,0.5343157666947014,1.3500987631297365,0.08849215253398768,227.61851661194277,242.0,0.008115787140152719,0.005456383637478468,5.0,5.0,1.4841899258480085,3.3759350676190625,5,3
S,b_50_80,dif_gt_zero,fixed_10,False,358,0,0.5726256983240223,0.557261423768768,0.5329889675073639,0.2970206086803267,199.49958970921892,205.0,0.016255331297093244,0.012114905752303673,10.0,10.0,1.7293604805748048,1.5364274555254354,5,3
S,b_50_80,dif_gt_zero,fixed_20,False,283,2,0.5971731448763251,0.5712715720920873,0.8248580896572395,0.2047260813052404,161.6698549020607,169.0,0.030898896500570792,0.018333413122745723,20.0,20.0,2.09883511447254,2.590157278423777,5,3
S,b_50_80,both,death_cross,False,272,0,0.45588235294117646,0.5297471398984243,-2.5056745613646365,0.9938890973590739,144.0912220523714,124.0,0.011613746827498762,-0.004346869547730892,4.944852941176471,4.0,1.7184038977880771,-7.386478695724779,5,1
S,b_50_80,both,k_turn_down,False,272,0,0.45588235294117646,0.5215640917972981,-2.232029591186794,0.9871934963757096,141.8654329688651,124.0,0.008299352788399916,-0.002413755896948311,3.2169117647058822,3.0,1.6137716264267556,-6.5681738856121665,5,0
S,b_50_80,both,k_over_80,False,207,0,0.7874396135265701,0.543017873087627,7.029990809118393,1.032735716394064e-12,112.40469972913878,163.0,0.019960021249045258,0.021108028022386982,14.96135265700483,4.0,1.918675110771938,24.442174043894315,5,5
S,b_50_80,both,macd_death,False,207,0,0.4444444444444444,0.5466420353227623,-3.0324209383277365,0.998786996803758,113.15490131181181,92.0,0.02145760376441206,-0.006060616180198597,10.565217391304348,9.0,2.0361085560780627,-10.219759087831793,5,0
S,b_50_80,both,trail_5,False,192,2,0.46875,0.5610923741728336,-2.6715478131980928,0.9962248842354867,107.72973584118405,90.0,0.019360764400478337,-0.008225981678669225,18.223958333333332,11.0,1.7033253445632561,-9.234237417283364,5,1
S,b_50_80,both,trail_10,False,144,3,0.4236111111111111,0.5817866201764285,-3.994883564266618,0.9999676369726135,83.7772733054057,61.0,0.06985624081775743,-0.013875898244743945,45.875,25.0,2.699842374108712,-15.817550906531736,4,0
S,b_50_80,both,fixed_5,False,246,0,0.5772357723577236,0.5315417613032172,1.3740605437477207,0.08471144366953687,130.75927328059143,142.0,0.011259199008929664,0.00828449641218909,5.0,5.0,1.66948794105725,4.569401105450643,5,3
S,b_50_80,both,fixed_10,False,214,0,0.602803738317757,0.5539937845297559,1.3698604048243606,0.08536524087796926,118.55466988936777,129.0,0.020821874143539747,0.016058649021721383,10.0,10.0,1.991030243819807,4.880995378800113,5,4
S,b_50_80,both,fixed_20,False,190,0,0.6052631578947368,0.5658583934018353,1.0275469533540476,0.1520814940074638,107.51309474634871,115.0,0.037698785539421166,0.023939798684837754,20.0,20.0,2.4078000871697665,3.9404764492901534,5,4
S,b_50_80,hist_rising,death_cross,False,547,0,0.42413162705667273,0.5327043293106838,-5.1431246003619355,0.9999998648968589,291.38926813294404,232.0,0.00957806983742121,-0.006342856338491187,5.173674588665448,5.0,1.574138653839179,-10.857270225401106,5,0
S,b_50_80,hist_rising,k_turn_down,False,547,0,0.4460694698354662,0.5228612413986055,-3.6436795733169784,0.999865616007845,286.0050990450372,244.0,0.007203639533383914,-0.0028507909445549817,3.2175502742230346,3.0,1.545175115276845,-7.679177156313926,5,0
S,b_50_80,hist_rising,k_over_80,False,346,0,0.7687861271676301,0.5488242400251039,8.218994609180461,1.0260813329165273e-16,189.89318704868595,266.0,0.022321693460205724,0.02332351865934601,16.820809248554912,6.5,1.9472976020078077,21.996188714252618,5,5
S,b_50_80,hist_rising,macd_death,False,383,1,0.4856396866840731,0.5582378223280062,-2.9286718474633466,0.9982979319994226,213.80508595162638,186.0,0.023718124189489338,-0.0007091739290330246,15.485639686684074,12.0,1.9622986212671727,-7.259813564393314,5,0
S,b_50_80,hist_rising,trail_5,False,331,2,0.4622356495468278,0.5583948034630171,-3.605239015492545,0.9998440671171577,184.82867994625866,153.0,0.01982699845905615,-0.010125066150745154,17.220543806646525,11.0,1.703091718110579,-9.615915391618929,5,0
S,b_50_80,hist_rising,trail_10,False,194,3,0.4639175257731959,0.5751112603650107,-3.2556733002368614,0.9994343808199004,111.57158451081207,90.0,0.06816097551086175,-0.010617923743355684,44.57216494845361,24.0,2.6999699923834526,-11.119373459181482,4,0
S,b_50_80,hist_rising,fixed_5,False,476,0,0.5672268907563025,0.5329766332855082,1.4538352179571625,0.07299599843112939,253.69687744390188,270.0,0.008659146255942485,0.005990007703835176,5.0,5.0,1.481037287942794,3.4250257470794354,5,4
S,b_50_80,hist_rising,fixed_10,False,405,0,0.5679012345679012,0.5554537293671121,0.45493933349756854,0.3245764421997064,224.9587603936804,230.0,0.017778118006001185,0.011845990543279061,10.0,10.0,1.7686032430288214,1.2447505200789077,5,2
S,b_50_80,hist_rising,fixed_20,False,323,1,0.6068111455108359,0.5683113139951143,1.3481210951925562,0.08880971877192018,183.5645544204219,196.0,0.030190854020047925,0.02364396035341132,20.0,20.0,2.001974123608559,3.849983151572167,5,4
S,b_50_80,recent_cross,death_cross,False,123,0,0.5040650406504065,0.5359724035888215,-0.8014314576671369,0.7885590451205915,65.92460564142505,62.0,0.024618441981042148,0.0005410866637123313,5.869918699186992,6.0,2.879778764022501,-3.1907362938415007,4,2
S,b_50_80,recent_cross,k_turn_down,False,123,0,0.5447154471544715,0.5253056060292313,0.3412643688957191,0.3664522845309408,64.61258954159544,67.0,0.020643432688569545,0.003805123923542597,3.7804878048780486,4.0,2.7572077130640675,1.9409841125240246,4,3
S,b_50_80,recent_cross,k_over_80,False,109,0,0.7981651376146789,0.5456194118169398,5.227719577941937,8.580676510449871e-08,59.472515888046445,87.0,0.02393883216607633,0.03409462344048819,15.541284403669724,6.0,1.8886245290240964,25.254572579773903,4,4
S,b_50_80,recent_cross,macd_death,False,119,0,0.47058823529411764,0.551925906799508,-1.882502655635768,0.9701161001751787,65.67918290914146,56.0,0.030765920273747478,-0.001935088112101746,12.378151260504202,10.0,2.349770819276483,-8.13376715053904,4,1
S,b_50_80,recent_cross,trail_5,False,102,2,0.49019607843137253,0.5617907725282244,-1.5672314806438208,0.9414697027008968,57.30265879787889,50.0,0.03628789412116656,-0.0023109877738586304,19.54901960784314,11.0,2.5660210200584372,-7.159469409685188,4,1
S,b_50_80,recent_cross,trail_10,False,81,3,0.49382716049382713,0.5874095998959356,-1.8590660620409751,0.9684911124735105,47.58017759157078,40.0,0.1104760911786248,0.0,52.7037037037037,27.0,4.195032552815571,-9.358243940210842,4,0
S,b_50_80,recent_cross,fixed_5,False,114,0,0.5964912280701754,0.533239140898604,1.2613932394636824,0.10358360142723377,60.78926206244086,68.0,0.015993308345398034,0.012132116128850012,5.0,5.0,2.012302462840666,6.325208717157138,4,3
S,b_50_80,recent_cross,fixed_10,False,113,0,0.584070796460177,0.5553126182996724,0.5213159155686541,0.30107335782033473,62.75032586786298,66.0,0.02313040279632401,0.016438144208519523,10.0,10.0,1.931946279196732,2.8758178160504633,4,3
S,b_50_80,recent_cross,fixed_20,False,110,0,0.6909090909090909,0.5688272069216045,2.500649483451327,0.006198290222901199,62.570992761376495,76.0,0.047948440441664235,0.028679874749456102,20.0,20.0,2.5419962593982937,12.208188398748643,4,3
S,b_50_80,dif_rising,death_cross,False,525,0,0.43047619047619046,0.5330347428734842,-4.763272310015952,0.9999990476074219,279.8432400085792,226.0,0.011210566194288106,-0.005584372316829067,5.196190476190476,5.0,1.6857953208234027,-10.255855239729373,5,0
S,b_50_80,dif_rising,k_turn_down,False,525,0,0.44952380952380955,0.5234111531078546,-3.437955369643961,0.9997069378529451,274.79085538162366,236.0,0.008488063852573762,-0.0028507909445549817,3.2495238095238097,3.0,1.6381565296864224,-7.388734358404503,5,0
S,b_50_80,dif_rising,k_over_80,False,340,0,0.7647058823529411,0.5480732299140547,8.020321863308986,5.273421851885206e-16,186.3448981707786,260.0,0.018110708607939216,0.022816709135519364,16.847058823529412,6.0,1.7172436173685568,21.66326524388864,5,5
S,b_50_80,dif_rising,macd_death,False,369,1,0.4634146341463415,0.5570961387502404,-3.6938513112529376,0.9998895585051123,205.5684751988387,171.0,0.02039192160264653,-0.004163190318401511,15.043360433604336,12.0,1.7948518935912088,-9.368150460389895,5,0
S,b_50_80,dif_rising,trail_5,False,322,2,0.468944099378882,0.5593328977256097,-3.3477399681519335,0.999592632911197,180.10519306764633,151.0,0.02215502471182511,-0.008941231862505838,17.763975155279503,11.0,1.7973671152950386,-9.03887983467277,5,1
S,b_50_80,dif_rising,trail_10,False,196,3,0.4642857142857143,0.5762992831699003,-3.2956784823015903,0.9995090784353777,112.95465950130045,91.0,0.06792471417636116,-0.009037462729626466,44.38775510204081,24.0,2.6899070241673013,-11.201356888418601,4,0
S,b_50_80,dif_rising,fixed_5,False,461,0,0.559652928416486,0.5332752149270841,1.0899723938555,0.13786265239800682,245.83987408138574,258.0,0.009964868055904866,0.006329852806597369,5.0,5.0,1.5666382498599805,2.6377713489401877,5,4
S,b_50_80,dif_rising,fixed_10,False,392,0,0.5663265306122449,0.5554328973447098,0.3838744180527893,0.35053576393206454,217.72969575912626,222.0,0.017551784451919208,0.009659862560861154,10.0,10.0,1.7453424138344604,1.0893633267535119,5,2
S,b_50_80,dif_rising,fixed_20,False,321,1,0.5950155763239875,0.5684882189590394,0.9079044401630084,0.18196435576057945,182.48471828585167,191.0,0.02800330257308539,0.020995095019141097,20.0,20.0,1.8793379671124324,2.6527357364948045,5,5
S,b_20_80,none,death_cross,False,1371,1,0.42523705324580596,0.5365214413300375,-8.308073632768577,1.0,735.5708960634815,583.0,0.008484687248502501,-0.006997794137796554,6.017505470459518,6.0,1.415967544913244,-11.128438808423159,5,0
S,b_20_80,none,k_turn_down,False,1372,0,0.44169096209912534,0.5259816843039488,-6.289014876300901,0.9999999998402566,721.6468708650177,606.0,0.006005356647950679,-0.004230110609106608,3.741253644314869,3.0,1.3770522459506056,-8.429072220482341,5,0
S,b_20_80,none,k_over_80,False,543,2,0.7587476979742173,0.5578283642972214,9.443729018952787,1.7987177075511706e-21,302.9008018133912,412.0,0.0220718869089201,0.027122752500294833,20.222836095764272,12.0,1.8162315159226665,20.09193336769959,5,5
S,b_20_80,none,macd_death,False,695,2,0.5266187050359712,0.5654577183704423,-2.116252810640504,0.9828383440751148,392.99311426745743,366.0,0.023056810111621907,0.005470243426703103,19.572661870503598,17.0,1.6882103809686426,-3.883901333447115,5,1
S,b_20_80,none,trail_5,False,763,5,0.43905635648754915,0.5547297006118589,-6.510669679578307,0.9999999999625917,423.2587615668483,335.0,0.01705765694424274,-0.011548950370891986,15.769331585845347,9.0,1.5472112529289723,-11.567334412430974,5,0
S,b_20_80,none,trail_10,False,414,5,0.4106280193236715,0.5646530668330849,-6.4478094131694705,0.9999999999432608,233.76636966889714,170.0,0.04419367850799512,-0.02722925105042273,34.028985507246375,17.0,1.91224558222693,-15.402504750941343,4,0
S,b_20_80,none,fixed_5,False,1169,0,0.5705731394354149,0.5337547963251856,2.497347682306809,0.006256310368643369,623.9593569041419,667.0,0.007713233467932056,0.006761998213912879,5.0,5.0,1.3932048914220978,3.6818343110229246,5,5
S,b_20_80,none,fixed_10,False,936,0,0.5480769230769231,0.556031400470005,-0.5235657252133313,0.6997096870478808,520.4453908399247,513.0,0.009852160976059562,0.008308508970164441,10.0,10.0,1.3390757147391124,-0.795447739308186,5,2
S,b_20_80,none,fixed_20,False,620,4,0.5709677419354838,0.5692405389865411,0.046530612124872,0.4814436677777971,352.9291341716555,354.0,0.020321588752769848,0.01926983098628876,20.0,20.0,1.529211529380531,0.17272029489426854,5,3
S,b_20_80,dif_gt_dea,death_cross,False,496,0,0.4415322580645161,0.5300679490879279,-4.002611453178287,0.9999686764301197,262.9137027476122,219.0,0.013115994400466438,-0.004900379752222683,5.342741935483871,5.0,1.7113064802585303,-8.853569102341174,5,0
S,b_20_80,dif_gt_dea,k_turn_down,False,496,0,0.4536290322580645,0.5209723750966808,-3.0511140534948784,0.9988600302443026,258.4022980479537,225.0,0.009534493531425981,-0.0037061418741159424,3.370967741935484,3.0,1.610817858399795,-6.734334283861632,5,0
S,b_20_80,dif_gt_dea,k_over_80,False,298,1,0.7818791946308725,0.5459945662827306,8.168158247569064,1.5656650119301144e-16,162.70638075225372,233.0,0.022754870918326703,0.02726605118193448,17.44295302013423,7.5,1.888056599508119,23.588462834814194,5,5
S,b_20_80,dif_gt_dea,macd_death,False,324,0,0.4444444444444444,0.5492420802133382,-3.861288262834805,0.9999436046328108,177.95443398912158,144.0,0.02756194574558342,-0.009336133653156664,13.42283950617284,11.0,1.960492339799412,-10.479763576889379,5,0
S,b_20_80,dif_gt_dea,trail_5,False,328,2,0.49390243902439024,0.5538007982274802,-2.2537613157955056,0.987894406174902,181.6466618186135,162.0,0.02637610913463427,-0.0013682211287174284,17.146341463414632,10.0,1.952277695640973,-5.989835920308995,5,0
S,b_20_80,dif_gt_dea,trail_10,False,226,3,0.4690265486725664,0.5710574871392873,-3.211005485010528,0.9993386429496177,129.05899209347893,106.0,0.07083544954389417,-0.009352618037352822,40.8141592920354,21.0,2.622608809128536,-10.20309384667209,4,0
S,b_20_80,dif_gt_dea,fixed_5,False,436,0,0.5711009174311926,0.529867476040272,1.6791993148117212,0.046556602739595714,231.02221955355859,249.0,0.011032710972396586,0.00997126508967694,5.0,5.0,1.545229088400466,4.123344139092067,5,4
S,b_20_80,dif_gt_dea,fixed_10,False,365,0,0.5616438356164384,0.5516136172599435,0.33322979615440507,0.3694804140507265,201.33897029987938,205.0,0.017231376953333054,0.009743778171063422,10.0,10.0,1.666314284914547,1.0030218356494869,5,3
S,b_20_80,dif_gt_dea,fixed_20,False,301,0,0.5980066445182725,0.5630088523865465,1.1714089945294794,0.1207172092908369,169.46566456835052,180.0,0.03168298835414247,0.02658786245875122,20.0,20.0,1.874855985569848,3.4997792131725936,5,4
S,b_20_80,dif_gt_zero,death_cross,False,740,0,0.4418918918918919,0.5364257089092901,-5.2045653786087795,0.9999999027744206,396.9550245928747,327.0,0.01012317751440008,-0.004744888617958798,5.559459459459459,5.0,1.6222880745212211,-9.453381701739822,5,0
S,b_20_80,dif_gt_zero,k_turn_down,False,740,0,0.4756756756756757,0.5264707488933231,-2.808222122764166,0.9975092073246098,389.5883541810591,352.0,0.008604591882168118,-0.0013552151287955505,3.5337837837837838,3.0,1.7091745111160093,-5.079507321764742,5,0
S,b_20_80,dif_gt_zero,k_over_80,False,430,0,0.7651162790697674,0.5565501979961711,8.712937426877934,1.4805005712032125e-18,239.3165851383536,329.0,0.019920502113921667,0.025405540528961268,18.66046511627907,9.0,1.8085791545032066,20.85660810735963,5,5
S,b_20_80,dif_gt_zero,macd_death,False,479,1,0.5469728601252609,0.5647316049050313,-0.8346990336780203,0.7980564070601222,270.50643874951,262.0,0.021042333532763698,0.006387175564239289,17.194154488517746,14.0,1.8442055164113553,-1.7758744779770352,5,2
S,b_20_80,dif_gt_zero,trail_5,False,394,2,0.4720812182741117,0.5622709944672896,-3.6889394820318384,0.9998874046143279,221.53477182011207,186.0,0.020253289791770723,-0.006847054335530234,17.621827411167512,11.0,1.7129720014794163,-9.018977619317786,5,0
S,b_20_80,dif_gt_zero,trail_10,False,219,3,0.4063926940639269,0.5755083240938652,-5.205943513664847,0.9999999034933216,126.03632297655648,89.0,0.050801543539497916,-0.01929132235083275,40.406392694063925,21.0,2.1308221201121755,-16.91156300299383,4,0
S,b_20_80,dif_gt_zero,fixed_5,False,640,0,0.5890625,0.5358252155210289,2.6643001418118417,0.003857434702471175,342.9281379334585,377.0,0.010205633950644392,0.007995184876340322,5.0,5.0,1.6280989606965433,5.323728447897114,5,4
S,b_20_80,dif_gt_zero,fixed_10,False,524,0,0.5782442748091603,0.5586603085611946,0.8602273655675327,0.19483186127945118,292.738001686066,303.0,0.013239731203579456,0.01409503426589287,10.0,10.0,1.52718667879613,1.9583966247965656,5,4
S,b_20_80,dif_gt_zero,fixed_20,False,386,2,0.572538860103627,0.5729988939931202,-0.0700933035970062,0.5279403017248554,221.1775730813444,221.0,0.02014272399150174,0.015622134724370795,20.0,20.0,1.5820629934577735,-0.046003388949322765,5,3
S,b_20_80,both,death_cross,False,289,0,0.45674740484429066,0.5304283150285174,-2.573002997173282,0.9949589832691584,153.29378304324152,132.0,0.01194323517371605,-0.004474333632959904,5.051903114186851,4.0,1.7365773769011954,-7.368091018422673,5,1
S,b_20_80,both,k_turn_down,False,289,0,0.47058823529411764,0.5220396025786487,-1.8121578237613758,0.965019093083063,150.86944514522946,136.0,0.009409772575709253,-0.0014471421513015947,3.283737024221453,3.0,1.7024106713576936,-5.145136728453103,5,1
S,b_20_80,both,k_over_80,False,216,0,0.7916666666666666,0.5444001021958165,7.271720647813372,1.7746851108920618e-13,117.59042207429636,171.0,0.01995341705135365,0.022998743245768005,15.708333333333334,5.0,1.9016384452843444,24.726656447085016,5,5
S,b_20_80,both,macd_death,False,222,0,0.44144144144144143,0.5468943378298561,-3.2330735553913437,0.9993876698703726,121.41054299822804,98.0,0.019713272710806536,-0.007075542923463296,10.522522522522523,9.0,1.9329263567425488,-10.545289638841465,5,0
S,b_20_80,both,trail_5,False,202,2,0.47029702970297027,0.5608817460067456,-2.6851620652921033,0.9963752677845351,113.29811269336261,95.0,0.020604553791070433,-0.008225981678669225,18.346534653465348,11.0,1.7555160888240449,-9.058471630377529,5,1
S,b_20_80,both,trail_10,False,150,3,0.4266666666666667,0.5817230499691685,-3.994674717578829,0.9999676084331729,87.25845749537527,64.0,0.07110743273319692,-0.014011403750413931,45.58,24.5,2.7150272605754027,-15.505638330250177,4,0
S,b_20_80,both,fixed_5,False,263,0,0.5817490494296578,0.5317362129671369,1.565554974418549,0.05872641893235229,139.846624010357,153.0,0.011779750359460205,0.00843891152356524,5.0,5.0,1.6927982565844772,5.0012836462520855,5,3
S,b_20_80,both,fixed_10,False,227,0,0.5947136563876652,0.5540775902784042,1.1667480601023807,0.12165606398797568,125.77561299319775,135.0,0.019433151806748896,0.015237706346747482,10.0,10.0,1.893218160323581,4.0636066109260955,5,4
S,b_20_80,both,fixed_20,False,200,0,0.6,0.5658403794339846,0.9075539244347169,0.182056973520127,113.16807588679691,120.0,0.03383754366533634,0.023538438485900315,20.0,20.0,2.2033323078260962,3.4159620566015403,5,3
S,b_20_80,hist_rising,death_cross,False,1297,1,0.4271395528141866,0.537004191846175,-7.980087532197513,0.9999999999999992,696.494436824489,554.0,0.008462234340551215,-0.007242736532837246,6.139552814186584,6.0,1.4072703628834857,-10.986463903198839,5,0
S,b_20_80,hist_rising,k_turn_down,False,1298,0,0.4422187981510015,0.5261679156232819,-6.094068679145474,0.999999999449618,682.96595447902,574.0,0.005541648737349955,-0.004230110609106608,3.788135593220339,3.0,1.3422568070883838,-8.39491174722804,5,0
S,b_20_80,hist_rising,k_over_80,False,528,2,0.7632575757575758,0.5577732736745454,9.523368768337484,8.382708572960541e-22,294.50428850016,403.0,0.02413531437019815,0.027923213424774773,20.160984848484848,12.0,1.910936952901005,20.54843020830304,5,5
S,b_20_80,hist_rising,macd_death,False,687,2,0.5240174672489083,0.5653510908388312,-2.2370259756097717,0.9873576788122238,388.39619940627705,360.0,0.023719256104797835,0.004782157549647614,19.395924308588064,17.0,1.713420468268304,-4.133362358992287,5,1
S,b_20_80,hist_rising,trail_5,False,745,5,0.44563758389261743,0.5548015923920251,-6.07465681862782,0.9999999993787342,413.32718633205866,332.0,0.018109140577169683,-0.010967818590993383,15.89530201342282,9.0,1.5841568497982403,-10.916400849940766,5,0
S,b_20_80,hist_rising,trail_10,False,410,5,0.4170731707317073,0.5646107750818299,-6.147738362959242,0.9999999996070223,231.49041778355027,171.0,0.045303145301220475,-0.02549725996723695,34.14878048780488,17.5,1.9431830165912691,-14.753760435012259,4,0
S,b_20_80,hist_rising,fixed_5,False,1122,0,0.571301247771836,0.5336724144423166,2.499919300250881,0.006211079997926727,598.7804490042793,641.0,0.007255681075331532,0.00674445667784862,5.0,5.0,1.3611289136117253,3.7628833329519384,5,5
S,b_20_80,hist_rising,fixed_10,False,905,0,0.5502762430939226,0.5558631621145202,-0.37232828723041683,0.6451757800015778,503.0561617136408,498.0,0.010290922332725917,0.00861700437696089,10.0,10.0,1.3543996293105496,-0.5586919020597603,5,2
S,b_20_80,hist_rising,fixed_20,False,609,3,0.5829228243021346,0.5695637866408325,0.628050263087731,0.264985506842212,346.864346064267,355.0,0.02286766912238977,0.021853830866936708,20.0,20.0,1.6071783509425264,1.3359037661302087,5,3
S,b_20_80,recent_cross,death_cross,False,204,0,0.47549019607843135,0.5342791474495955,-1.756770921866957,0.9605215683365802,108.99294607971748,97.0,0.022969508553147732,-0.0010549783524863576,6.205882352941177,6.0,2.3026268079060523,-5.878895137116413,5,1
S,b_20_80,recent_cross,k_turn_down,False,204,0,0.5147058823529411,0.5230985958358704,-0.3105104619044386,0.6219135975267703,106.71211355051756,105.0,0.016729023824232234,0.0008609718406131783,3.857843137254902,3.0,2.1095287190412453,-0.8392713482929248,5,3
S,b_20_80,recent_cross,k_over_80,False,156,1,0.7756410256410257,0.5489370261830507,5.64277310772067,8.366640101111517e-09,85.63417608455592,121.0,0.023051038501796326,0.03577093970807521,19.602564102564102,10.0,1.6991044766277372,22.67039994579749,4,4
S,b_20_80,recent_cross,macd_death,False,195,0,0.4512820512820513,0.5507113479195402,-2.8736885652267152,0.9979714559570325,107.38871284431035,88.0,0.032785083605540666,-0.006219060497898443,13.738461538461538,11.0,2.132837333706869,-9.942929663748895,4,0
S,b_20_80,recent_cross,trail_5,False,165,2,0.48484848484848486,0.556336740477233,-1.940991121110815,0.9738703228283685,91.79556217874345,80.0,0.035033198914157584,-0.0048387125400428666,18.939393939393938,9.0,2.285219226032412,-7.1488255628748165,4,1
S,b_20_80,recent_cross,trail_10,False,131,3,0.4580152671755725,0.5749170914014113,-2.8380844501391533,0.9977307413522506,75.31413897358489,60.0,0.09472814286999358,-0.011839915054986494,44.717557251908396,22.0,3.184042362340153,-11.690182422583884,4,0
S,b_20_80,recent_cross,fixed_5,False,189,0,0.5767195767195767,0.530729707939874,1.1955374152261524,0.11593856350339221,100.30791480063617,109.0,0.013137635825731422,0.011299494627586393,5.0,5.0,1.6812332063177957,4.59898687797028,4,4
S,b_20_80,recent_cross,fixed_10,False,185,0,0.5621621621621622,0.5522970830039664,0.19621844057506654,0.4222195975590057,102.17496035573379,104.0,0.022379294616378945,0.016310188322922414,10.0,10.0,1.7731692616571035,0.9865079158195789,4,3
S,b_20_80,recent_cross,fixed_20,False,171,0,0.6198830409356725,0.5633029259290977,1.4208981176213522,0.07767319016257067,96.32480033387571,106.0,0.04178935276691207,0.027979033212959248,20.0,20.0,2.0430215220231807,5.658011500657478,4,4
S,b_20_80,dif_rising,death_cross,False,1053,1,0.4301994301994302,0.5362084373223516,-6.943063325075192,0.9999999999980815,564.6274845004363,453.0,0.009805565114053104,-0.0071696054922406605,6.115859449192783,6.0,1.4751530911412887,-10.600900712292137,5,0
S,b_20_80,dif_rising,k_turn_down,False,1054,0,0.4459203036053131,0.5253919959351356,-5.205062708878138,0.9999999030344467,553.7631637156329,470.0,0.0067596889622128726,-0.004156087451578361,3.74573055028463,3.0,1.4210276458413607,-7.9471692329822545,5,0
S,b_20_80,dif_rising,k_over_80,False,486,2,0.7654320987654321,0.5539452053444607,9.390536360582857,2.9847742409821566e-21,269.2173697974079,372.0,0.021333786389823424,0.027173978017546063,19.084362139917694,10.0,1.8186022360661123,21.14868934209714,5,5
S,b_20_80,dif_rising,macd_death,False,610,2,0.48032786885245904,0.5615556132868248,-4.105883277785391,0.999979861358157,342.54892410496313,293.0,0.020628294635877918,-0.002306474664911795,18.07377049180328,15.0,1.6070002511142276,-8.122774443436576,5,0
S,b_20_80,dif_rising,trail_5,False,640,5,0.4453125,0.5540393919095777,-5.6120362816630625,0.9999999900020251,354.58521082212974,285.0,0.017795244353836843,-0.010925811418038278,15.8203125,9.0,1.5887744020000698,-10.872689190957773,5,0
S,b_20_80,dif_rising,trail_10,False,367,5,0.4087193460490463,0.5647346840056591,-6.1561920389423745,0.9999999996274257,207.25762903007688,150.0,0.04669105406324652,-0.027138617684278388,34.99182561307902,17.0,1.9842927634035368,-15.601533795661277,4,0
S,b_20_80,dif_rising,fixed_5,False,933,0,0.5712754555198285,0.5329193733465922,2.318398661646273,0.010213832365550736,497.2137753323706,533.0,0.00658876087885776,0.0069976608340431845,5.0,5.0,1.3193799972312243,3.8356082173236272,5,5
S,b_20_80,dif_rising,fixed_10,False,774,0,0.5439276485788114,0.5551039428443497,-0.6628977416033498,0.7463019758821536,429.6504517615267,421.0,0.009497237983589557,0.007093489363173,10.0,10.0,1.3172086548226618,-1.1176294265538345,5,2
S,b_20_80,dif_rising,fixed_20,False,533,3,0.574108818011257,0.5672206008282991,0.27859100099350514,0.3902793597829904,302.3285802414834,306.0,0.021185444796434146,0.020221722113036966,20.0,20.0,1.558303726165588,0.6888217182957956,5,3
S,b_00_80,none,death_cross,False,1547,1,0.4156431803490627,0.5354823029601828,-9.49661663506432,1.0,828.3911226794029,643.0,0.00667131872513651,-0.007839001274923874,6.103425985778927,6.0,1.2964523090279456,-11.983912261112012,5,0
S,b_00_80,none,k_turn_down,False,1548,0,0.42700258397932817,0.5250579727725584,-7.7624526827476865,0.9999999999999958,812.7897418519204,661.0,0.005378158397658304,-0.0048741705197383745,3.7693798449612403,3.0,1.3159453189332118,-9.805538879323022,5,0
S,b_00_80,none,k_over_80,False,552,2,0.7518115942028986,0.5583987598497268,9.167610562367049,2.4180980657689233e-20,308.2361154370492,415.0,0.019268460196452643,0.027110836673823302,20.84963768115942,12.0,1.653483779519795,19.34128343531718,5,5
S,b_00_80,none,macd_death,False,721,2,0.5256588072122053,0.5654071195010458,-2.204282243381614,0.9862477495366455,407.6585331602541,379.0,0.02221694383736115,0.005215181207629538,20.57975034674064,17.0,1.6105220798150799,-3.974831228884057,5,0
S,b_00_80,none,trail_5,False,870,5,0.435632183908046,0.5517864137823657,-6.969332837773548,0.9999999999984077,480.05417999065816,379.0,0.014854787857489648,-0.01281568748847467,15.23103448275862,9.0,1.4552858924842313,-11.615422987431973,5,0
S,b_00_80,none,trail_10,False,469,5,0.40085287846481876,0.5616215455251974,-7.146506425087193,0.9999999999995549,263.4005048513176,188.0,0.04143018448472518,-0.027319884416567075,33.09381663113006,17.0,1.8033865441011638,-16.076866706037862,4,0
S,b_00_80,none,fixed_5,False,1289,0,0.5570209464701319,0.5326823126592977,1.7257389118621265,0.042197197122376025,686.6275010178347,718.0,0.0067464249459498506,0.0060422904145789325,5.0,5.0,1.3216957491784502,2.433863381083423,5,4
S,b_00_80,none,fixed_10,False,1025,0,0.5385365853658537,0.5548667348639118,-1.0852391974081874,0.8610921361513033,568.7384032355096,552.0,0.007943119999695745,0.007242392630943506,10.0,10.0,1.2572413931275004,-1.633014949805811,5,2
S,b_00_80,none,fixed_20,False,666,5,0.5675675675675675,0.5679730157629024,-0.06053505862679631,0.5241352528545711,378.270028498093,378.0,0.017742608944979983,0.017212624916505104,20.0,20.0,1.4211342058509293,-0.040544819533483434,5,3
S,b_00_80,dif_gt_dea,death_cross,False,508,0,0.4409448818897638,0.5296865740932216,-4.0588319424964565,0.9999753406049249,269.0807796393566,224.0,0.013804842554781338,-0.005039716539589567,5.366141732283465,5.0,1.7355778949355094,-8.874169220345784,5,0
S,b_00_80,dif_gt_dea,k_turn_down,False,508,0,0.4507874015748031,0.5207180918663155,-3.203582195927477,0.9993213535528415,264.52479066808826,229.0,0.010135034962505974,-0.003915087808010698,3.395669291338583,3.0,1.6396673947858664,-6.993069029151233,5,0
S,b_00_80,dif_gt_dea,k_over_80,False,299,1,0.7759197324414716,0.5459181217470602,7.976752343806448,7.511692096139833e-16,163.229518402371,232.0,0.021654967354522468,0.027184688560758508,17.59531772575251,8.0,1.818497401287513,23.000161069441138,5,5
S,b_00_80,dif_gt_dea,macd_death,False,328,0,0.4451219512195122,0.5487086172917667,-3.840087922423506,0.9999385048725621,179.97642647169948,146.0,0.028504396111759547,-0.009336133653156664,13.548780487804878,11.0,1.9711256028733175,-10.358666607225448,5,0
S,b_00_80,dif_gt_dea,trail_5,False,335,2,0.49850746268656715,0.5533421350651616,-2.0883418917328522,0.9816164974359919,185.36961524682914,167.0,0.028012860739561038,0.0,17.04776119402985,10.0,2.016829179999927,-5.483467237859446,5,1
S,b_00_80,dif_gt_dea,trail_10,False,232,3,0.4698275862068966,0.5695237690957281,-3.1771727382558987,0.9992564078580141,132.12951443020893,109.0,0.07017306505977788,-0.009352618037352822,40.25,21.0,2.587902860153192,-9.969618288883153,4,0
S,b_00_80,dif_gt_dea,fixed_5,False,446,0,0.5717488789237668,0.5295022425596396,1.742318772143096,0.04072634021266062,236.15800018159928,255.0,0.011044281147829205,0.010342240888418841,5.0,5.0,1.5308120357870547,4.224663636412718,5,4
S,b_00_80,dif_gt_dea,fixed_10,False,373,0,0.5576407506702413,0.5510485136844101,0.20425846074163867,0.4190757645647368,205.54109560428498,208.0,0.016298115702666618,0.009575946950658887,10.0,10.0,1.599134733528108,0.6592236985831224,5,3
S,b_00_80,dif_gt_dea,fixed_20,False,307,0,0.5993485342019544,0.5623613721468059,1.254599525559817,0.10481208789372798,172.6449412490694,184.0,0.03114903358317016,0.025806509352897855,20.0,20.0,1.8387620377496787,3.6987162055148515,5,4
S,b_00_80,dif_gt_zero,death_cross,False,741,0,0.44129554655870445,0.5364320605064039,-5.24098968104421,0.999999920141176,397.4961568352453,327.0,0.010071448023047071,-0.004777667486073778,5.558704453441296,5.0,1.6184955143177395,-9.513651394769946,5,0
S,b_00_80,dif_gt_zero,k_turn_down,False,741,0,0.4750337381916329,0.5264691741544701,-2.8450247464706564,0.9977796013563192,390.1136580484624,352.0,0.008570770732910552,-0.0013679551467787876,3.5317139001349527,3.0,1.7060474977700064,-5.143543596283723,5,0
S,b_00_80,dif_gt_zero,k_over_80,False,430,0,0.7651162790697674,0.5565501979961711,8.712937426877934,1.4805005712032125e-18,239.3165851383536,329.0,0.019920502113921667,0.025405540528961268,18.66046511627907,9.0,1.8085791545032066,20.85660810735963,5,5
S,b_00_80,dif_gt_zero,macd_death,False,479,1,0.5469728601252609,0.5647316049050313,-0.8346990336780203,0.7980564070601222,270.50643874951,262.0,0.021042333532763698,0.006387175564239289,17.194154488517746,14.0,1.8442055164113553,-1.7758744779770352,5,2
S,b_00_80,dif_gt_zero,trail_5,False,395,2,0.4708860759493671,0.5622174786391968,-3.739473711367944,0.9999077970344574,222.07590406248272,186.0,0.02013060203134047,-0.007072986064875164,17.58987341772152,11.0,1.7086655870020468,-9.13314026898297,5,0
S,b_00_80,dif_gt_zero,trail_10,False,219,3,0.410958904109589,0.5757071538358207,-5.073659640846434,0.999999804881603,126.07986669004474,90.0,0.0521463604760471,-0.018726662661472826,40.51598173515982,21.0,2.1702885028472885,-16.47482497262317,4,0
S,b_00_80,dif_gt_zero,fixed_5,False,641,0,0.5881435257410297,0.535833494814086,2.6193079324794586,0.0044054186630109946,343.46927017582914,377.0,0.010145705698649346,0.007881695632088848,5.0,5.0,1.6236945225384583,5.231003092694364,5,4
S,b_00_80,dif_gt_zero,fixed_10,False,524,0,0.5782442748091603,0.5586603085611946,0.8602273655675327,0.19483186127945118,292.738001686066,303.0,0.013239731203579456,0.01409503426589287,10.0,10.0,1.52718667879613,1.9583966247965656,5,4
S,b_00_80,dif_gt_zero,fixed_20,False,387,2,0.5736434108527132,0.5729756708500067,-0.024958529430993616,0.509955978992606,221.7415846189526,222.0,0.020637358299168258,0.01612704391389741,20.0,20.0,1.5979013738710073,0.06677400027065294,5,3
S,b_00_80,both,death_cross,False,289,0,0.45674740484429066,0.5304283150285174,-2.573002997173282,0.9949589832691584,153.29378304324152,132.0,0.01194323517371605,-0.004474333632959904,5.051903114186851,4.0,1.7365773769011954,-7.368091018422673,5,1
S,b_00_80,both,k_turn_down,False,289,0,0.47058823529411764,0.5220396025786487,-1.8121578237613758,0.965019093083063,150.86944514522946,136.0,0.009409772575709253,-0.0014471421513015947,3.283737024221453,3.0,1.7024106713576936,-5.145136728453103,5,1
S,b_00_80,both,k_over_80,False,216,0,0.7916666666666666,0.5444001021958165,7.271720647813372,1.7746851108920618e-13,117.59042207429636,171.0,0.01995341705135365,0.022998743245768005,15.708333333333334,5.0,1.9016384452843444,24.726656447085016,5,5
S,b_00_80,both,macd_death,False,222,0,0.44144144144144143,0.5468943378298561,-3.2330735553913437,0.9993876698703726,121.41054299822804,98.0,0.019713272710806536,-0.007075542923463296,10.522522522522523,9.0,1.9329263567425488,-10.545289638841465,5,0
S,b_00_80,both,trail_5,False,202,2,0.47029702970297027,0.5608817460067456,-2.6851620652921033,0.9963752677845351,113.29811269336261,95.0,0.020604553791070433,-0.008225981678669225,18.346534653465348,11.0,1.7555160888240449,-9.058471630377529,5,1
S,b_00_80,both,trail_10,False,150,3,0.4266666666666667,0.5817230499691685,-3.994674717578829,0.9999676084331729,87.25845749537527,64.0,0.07110743273319692,-0.014011403750413931,45.58,24.5,2.7150272605754027,-15.505638330250177,4,0
S,b_00_80,both,fixed_5,False,263,0,0.5817490494296578,0.5317362129671369,1.565554974418549,0.05872641893235229,139.846624010357,153.0,0.011779750359460205,0.00843891152356524,5.0,5.0,1.6927982565844772,5.0012836462520855,5,3
S,b_00_80,both,fixed_10,False,227,0,0.5947136563876652,0.5540775902784042,1.1667480601023807,0.12165606398797568,125.77561299319775,135.0,0.019433151806748896,0.015237706346747482,10.0,10.0,1.893218160323581,4.0636066109260955,5,4
S,b_00_80,both,fixed_20,False,200,0,0.6,0.5658403794339846,0.9075539244347169,0.182056973520127,113.16807588679691,120.0,0.03383754366533634,0.023538438485900315,20.0,20.0,2.2033323078260962,3.4159620566015403,5,3
S,b_00_80,hist_rising,death_cross,False,1461,1,0.4188911704312115,0.5359606921307202,-9.018306469450174,1.0,783.0385712029822,612.0,0.006805555239118481,-0.008037945967185989,6.225872689938399,6.0,1.297838704463491,-11.706952169950869,5,0
S,b_00_80,hist_rising,k_turn_down,False,1462,0,0.42954856361149113,0.5252846959167815,-7.367636144605968,0.9999999999999132,767.9662254303346,628.0,0.005197353838980493,-0.004851839694787585,3.822845417236662,3.0,1.3026483888334124,-9.573613230529038,5,0
S,b_00_80,hist_rising,k_over_80,False,538,2,0.7509293680297398,0.5584008643780558,9.007736658977986,1.0517637669646672e-19,300.419665035394,404.0,0.020991189750393664,0.027372723108729957,20.87174721189591,12.0,1.7185991201205975,19.252850365168396,5,5
S,b_00_80,hist_rising,macd_death,False,713,2,0.5259467040673211,0.565312744977719,-2.171609090468015,0.9850574196171791,403.0679871691137,375.0,0.022811824114707408,0.004846573258728615,20.455820476858346,17.0,1.6301939467177742,-3.936604091039786,5,0
S,b_00_80,hist_rising,trail_5,False,847,5,0.44155844155844154,0.5519311114164187,-6.53741104769601,0.9999999999687036,467.4856513697066,374.0,0.015960544553704714,-0.011437790883617183,15.370720188902007,9.0,1.4921025557621368,-11.037266985797716,5,0
S,b_00_80,hist_rising,trail_10,False,464,5,0.4051724137931034,0.5618012766771097,-6.926099237673968,0.999999999997837,260.67579237817887,188.0,0.04244775311030546,-0.02722925105042273,33.224137931034484,17.0,1.8254037591078505,-15.662886288400625,4,0
S,b_00_80,hist_rising,fixed_5,False,1239,0,0.5569007263922519,0.5325833345076604,1.6893301185429213,0.045578092316183635,659.8707514549913,690.0,0.0062826605165589335,0.0056149112039560745,5.0,5.0,1.2928152083689846,2.4317391884591477,5,4
S,b_00_80,hist_rising,fixed_10,False,992,0,0.5393145161290323,0.5547225310679751,-1.0100813645094275,0.8437718451354299,550.2847508194313,535.0,0.008171351563987198,0.007228052857422784,10.0,10.0,1.2635744015418364,-1.5408014938942838,5,2
S,b_00_80,hist_rising,fixed_20,False,654,4,0.5688073394495413,0.5679600701700349,0.004292988586616899,0.4982873506041363,371.4458858912028,372.0,0.017250108613161563,0.01899607441984119,20.0,20.0,1.4070730318866826,0.08472692795064019,5,3
S,b_00_80,recent_cross,death_cross,False,213,0,0.47417840375586856,0.5330038718964842,-1.7928923714512863,0.9635049323101413,113.52982471395114,101.0,0.023157962126185625,-0.0013706418010823729,6.225352112676056,6.0,2.259472704573131,-5.882546814061568,5,1
S,b_00_80,recent_cross,k_turn_down,False,213,0,0.5117370892018779,0.5222355157725236,-0.3758417571482553,0.6464827289218793,111.23616485954751,109.0,0.018208485636359652,0.0005410866637123313,3.9295774647887325,3.0,2.1868325730319627,-1.0498426570645703,5,3
S,b_00_80,recent_cross,k_over_80,False,159,1,0.7735849056603774,0.548816325788247,5.649106434972359,8.064198959179323e-09,87.26179580033127,123.0,0.02315158484429315,0.03617763854844469,19.71069182389937,10.0,1.685555221398386,22.476857987213037,4,4
S,b_00_80,recent_cross,macd_death,False,203,0,0.458128078817734,0.5491628860572167,-2.6876382443569837,0.9964020345790997,111.480065869615,93.0,0.03720239339393458,-0.004494377928932147,14.236453201970443,11.0,2.2345166308851176,-9.103480723948277,4,0
S,b_00_80,recent_cross,trail_5,False,173,2,0.48554913294797686,0.5540044739040264,-1.9016960832473677,0.971394550888375,95.84277398539658,84.0,0.03672682296104342,-0.0048387125400428666,18.566473988439306,10.0,2.3477365538333017,-6.845534095604955,4,1
S,b_00_80,recent_cross,trail_10,False,139,3,0.460431654676259,0.571553931914306,-2.7749915884503,0.997239843221319,79.44599653608854,64.0,0.0928776141782154,-0.011839915054986494,43.388489208633096,22.0,3.1514166024844186,-11.112227723804702,4,0
S,b_00_80,recent_cross,fixed_5,False,197,0,0.5736040609137056,0.529643447295991,1.166357796588638,0.12173490716582042,104.33975911731022,113.0,0.012928665490562097,0.011299494627586393,5.0,5.0,1.6433409758025408,4.396061361771464,4,4
S,b_00_80,recent_cross,fixed_10,False,193,0,0.5595854922279793,0.5509047523711225,0.17037283603987943,0.4323584667541467,106.32461720762663,108.0,0.021875742786376384,0.016310188322922414,10.0,10.0,1.7216524815588437,0.8680739856856801,4,3
S,b_00_80,recent_cross,fixed_20,False,178,0,0.6235955056179775,0.5614747535104915,1.6019233055610096,0.05458628508235204,99.94250612486749,111.0,0.04124169391561579,0.027515238229517403,20.0,20.0,1.9978806537388163,6.212075210748602,4,4
S,b_00_80,dif_rising,death_cross,False,1119,1,0.4262734584450402,0.5357217071631489,-7.386114133054644,0.9999999999999244,599.4725903155637,477.0,0.00885169847628115,-0.007478925047635143,6.162645218945487,6.0,1.4081714221071682,-10.944824871810871,5,0
S,b_00_80,dif_rising,k_turn_down,False,1120,0,0.44107142857142856,0.5249669737440511,-5.660378475709714,0.9999999924480243,587.9630105933372,494.0,0.006803679467119193,-0.00461506155182273,3.775892857142857,3.0,1.4115170007143614,-8.389554517262255,5,0
S,b_00_80,dif_rising,k_over_80,False,488,2,0.7581967213114754,0.5545557698954287,9.061710103416697,6.421056108687782e-20,270.62321570896916,370.0,0.019489627930769898,0.026640582690345305,19.43032786885246,10.0,1.7097275400427563,20.364095141604675,5,5
S,b_00_80,dif_rising,macd_death,False,623,2,0.48635634028892455,0.5615972486439561,-3.8463945365745595,0.9999400656545038,349.8750859051846,303.0,0.019274326263014074,-0.001935088112101746,18.59550561797753,15.0,1.537724490852971,-7.524090835503156,5,0
S,b_00_80,dif_rising,trail_5,False,681,5,0.44640234948604995,0.5526917147689842,-5.6550479839931835,0.999999992209863,376.3830577576782,304.0,0.016908748114520696,-0.011021280111251253,15.625550660792952,9.0,1.5475666176772875,-10.62893652829342,5,0
S,b_00_80,dif_rising,trail_10,False,385,5,0.412987012987013,0.5636811173460634,-6.08790792668675,0.9999999994280219,217.0172301782344,159.0,0.04647479369481083,-0.023622584170449823,34.984415584415586,17.0,1.9617200167769733,-15.06941043590504,4,0
S,b_00_80,dif_rising,fixed_5,False,985,0,0.5654822335025381,0.532318038991574,2.05675835854688,0.019854737731599528,524.3332684067004,557.0,0.006269685464452844,0.006591308434890308,5.0,5.0,1.2963798354210494,3.3164194510964085,5,5
S,b_00_80,dif_rising,fixed_10,False,811,0,0.5400739827373613,0.5544882581129112,-0.8626089547186633,0.8058237473680057,449.68997732957104,438.0,0.008916888535296234,0.007086337191311687,10.0,10.0,1.2921439218634436,-1.4414275375549956,5,2
S,b_00_80,dif_rising,fixed_20,False,554,3,0.5595667870036101,0.5663680448737847,-0.36763472190469987,0.6434271895472379,313.7678968600767,310.0,0.017300846021262917,0.017323735632995163,20.0,20.0,1.4309695530643893,-0.6801257870174604,5,2
S,b_any,none,death_cross,False,1698,1,0.41048292108362777,0.5343099276181594,-10.274827740140482,1.0,907.2582570956347,697.0,0.005685170640859019,-0.007616513134139247,5.7856301531213195,5.0,1.2619645758303133,-12.382700653453165,5,0
S,b_any,none,k_turn_down,False,1699,0,0.4284873454973514,0.5245022822950158,-7.960439954697086,0.9999999999999991,891.129377619232,728.0,0.004720606717862422,-0.004834427135621655,3.602118893466745,3.0,1.2854486950928299,-9.601493679766444,5,0
S,b_any,none,k_over_80,False,671,2,0.7213114754098361,0.5514430731756755,8.861905946186774,3.932897388991649e-19,370.01830210087826,484.0,0.017111958730252497,0.02159982517381187,17.63189269746647,8.0,1.6651740897560163,16.986840223416056,5,5
S,b_any,none,macd_death,False,729,2,0.522633744855967,0.5653423190855665,-2.3781795608262812,0.9913008243138418,412.134550613378,381.0,0.021971547320355556,0.004782157549647614,20.477366255144034,17.0,1.6054421157652419,-4.270857422959951,5,0
S,b_any,none,trail_5,False,879,5,0.43572241183162685,0.5515523163342112,-6.984844422821504,0.9999999999985741,484.8144860577716,383.0,0.014467792397920022,-0.012705325035879955,15.142207053469852,9.0,1.4434914896598217,-11.582990450258436,5,0
S,b_any,none,trail_10,False,470,5,0.4021276595744681,0.5615897580154188,-7.096032826670594,0.9999999999993581,263.9471862672468,189.0,0.04132164017805702,-0.02722925105042273,33.03829787234042,17.0,1.8016399573597164,-15.946209844095065,4,0
S,b_any,none,fixed_5,False,1402,0,0.550641940085592,0.5331028537623238,1.2912634091016872,0.09830617708432032,747.410200974778,772.0,0.006678045566934224,0.00553977411505957,5.0,5.0,1.3229833480097812,1.7539086323268172,5,3
S,b_any,none,fixed_10,False,1093,0,0.5434583714547118,0.5550368686248748,-0.8020359016520072,0.7887339044846693,606.6552974069881,594.0,0.008048981936214526,0.00760649313128714,10.0,10.0,1.26770666288378,-1.1578497170163016,5,2
S,b_any,none,fixed_20,False,690,5,0.5652173913043478,0.5680247567134408,-0.1882299125143886,0.5746517876146212,391.9370821322741,390.0,0.017260822478561595,0.01790886701281269,20.0,20.0,1.4175186362521033,-0.2807365409092988,5,4
S,b_any,dif_gt_dea,death_cross,False,654,0,0.4235474006116208,0.5280417532059694,-5.400978413096904,0.999999966860799,345.339306596704,277.0,0.009639258067437031,-0.005656400211525414,4.740061162079511,4.0,1.5482562547074001,-10.449435259434859,5,0
S,b_any,dif_gt_dea,k_turn_down,False,654,0,0.44801223241590216,0.5202671579980136,-3.7423700537920532,0.9999088535980309,340.2547213307009,293.0,0.007291127143965285,-0.003915087808010698,3.0642201834862384,3.0,1.489265155160695,-7.225492558211144,5,0
S,b_any,dif_gt_dea,k_over_80,False,429,1,0.7296037296037297,0.5383008695722881,7.93762259027362,1.030466562674949e-15,230.93107304651159,313.0,0.018338077442531308,0.019154026266877677,13.337995337995338,4.0,1.8930817167033642,19.13028600314416,5,5
S,b_any,dif_gt_dea,macd_death,False,368,0,0.45108695652173914,0.550678172504137,-3.9081682700257634,0.9999535007360605,202.6495674815224,166.0,0.02707819203489012,-0.008547603787632696,13.228260869565217,11.0,1.9604728260143216,-9.959121598239784,5,0
S,b_any,dif_gt_dea,trail_5,False,370,2,0.5,0.5554640698552383,-2.2164681658972727,0.9866702721249243,205.52170584643818,185.0,0.025957406673512904,1.0296206554016862e-07,17.083783783783783,10.0,1.9550750401995547,-5.5464069855238325,5,0
S,b_any,dif_gt_dea,trail_10,False,242,3,0.47107438016528924,0.5708339255667407,-3.2455948237343253,0.9994139723819088,138.14180998715125,114.0,0.07092992836919791,-0.009352618037352822,40.99173553719008,21.5,2.6493547690317985,-9.97595454014515,4,0
S,b_any,dif_gt_dea,fixed_5,False,560,0,0.5535714285714286,0.531343400465798,1.0130968703697383,0.15550694650630198,297.5523042608469,310.0,0.009698299276273597,0.007753434502063228,5.0,5.0,1.4854780390188798,2.2228028105630626,5,3
S,b_any,dif_gt_dea,fixed_10,False,457,0,0.5601750547045952,0.552884508167149,0.26686948044033,0.39478482787895286,252.66822023238709,256.0,0.01452006107010941,0.010301599099857617,10.0,10.0,1.5628229413990995,0.7290546537446208,5,4
S,b_any,dif_gt_dea,fixed_20,False,353,0,0.603399433427762,0.5654596987608936,1.3908527584195338,0.08213504040519315,199.60727366259545,213.0,0.030546481561868483,0.02633004894030333,20.0,20.0,1.86472427096431,3.7939734666868397,5,4
S,b_any,dif_gt_zero,death_cross,False,888,0,0.42680180180180183,0.5341220004501364,-6.457494443702396,0.9999999999467747,474.30033639972106,379.0,0.007660737429241444,-0.005428527715047038,5.04954954954955,4.0,1.4832780076655168,-10.732019864833454,5,0
S,b_any,dif_gt_zero,k_turn_down,False,888,0,0.46846846846846846,0.5252421629035843,-3.426193229113337,0.9996939476191781,466.41504065838285,416.0,0.006796096129949642,-0.0018426958474893618,3.2545045045045047,3.0,1.5630476169728558,-5.677369443511582,5,0
S,b_any,dif_gt_zero,k_over_80,False,550,0,0.7236363636363636,0.5486456642512929,8.251559584153386,7.817032645154788e-17,301.7551153382111,398.0,0.017237916852010395,0.019561843366805887,15.232727272727272,5.0,1.8183189969485223,17.499069938507073,5,5
S,b_any,dif_gt_zero,macd_death,False,506,1,0.5434782608695652,0.5644827688252719,-1.0032947992521337,0.842140677652049,285.62828102558757,275.0,0.02065811116539517,0.006262165324781521,16.934782608695652,13.0,1.8280500756518374,-2.100450795570674,5,2
S,b_any,dif_gt_zero,trail_5,False,416,2,0.4735576923076923,0.5612274280237007,-3.683220416763279,0.9998848470724825,233.4706100578595,197.0,0.01943374283113703,-0.006163446390092364,17.459134615384617,10.0,1.69701847068091,-8.766973571600845,5,0
S,b_any,dif_gt_zero,trail_10,False,226,3,0.42035398230088494,0.5750053684342304,-4.839887452081662,0.9999993504365997,129.95121326613608,95.0,0.051770206309920574,-0.018319554190477372,40.66814159292036,20.0,2.1547431595574094,-15.46513861333455,4,0
S,b_any,dif_gt_zero,fixed_5,False,751,0,0.5712383488681758,0.5362077774939022,1.8908554552589998,0.02932182104130605,402.6920408979206,429.0,0.009466307542049785,0.007336003751057696,5.0,5.0,1.5764495776534981,3.5030571374273567,5,3
S,b_any,dif_gt_zero,fixed_10,False,590,0,0.5796610169491525,0.5585881451948115,0.9909474008662771,0.1608556324630877,329.5670056649388,342.0,0.012340898540087457,0.013366657338807708,10.0,10.0,1.504642054828921,2.1072871754341027,5,4
S,b_any,dif_gt_zero,fixed_20,False,414,2,0.5966183574879227,0.5727792905115249,0.9357978068870353,0.17468865044331505,237.13062627177132,247.0,0.02182732743859418,0.019841326433137296,20.0,20.0,1.6428440166175158,2.3839066976397816,5,4
S,b_any,both,death_cross,False,431,0,0.4245939675174014,0.5278175293476401,-4.347522795452728,0.999993115811764,227.48935514883289,183.0,0.006379841984164561,-0.005334764937892089,4.215777262180975,3.0,1.4151196111042463,-10.322356183023873,5,1
S,b_any,both,k_turn_down,False,431,0,0.45707656612529,0.5210234864279605,-2.708822793453499,0.9966238803276107,224.56112265045095,197.0,0.0054020749462078835,-0.002533881386648118,2.8213457076566124,2.0,1.4198509223268434,-6.394692030267047,5,0
S,b_any,both,k_over_80,False,344,0,0.7238372093023255,0.5356202482831864,6.977024421367474,1.5074865816403464e-12,184.25336540941612,249.0,0.01631519961664996,0.01545067797646238,11.18313953488372,2.0,1.987277833847743,18.821696101913908,5,5
S,b_any,both,macd_death,False,273,0,0.4432234432234432,0.5492938600839525,-3.593958895804616,0.9998371543800081,149.95722380291903,121.0,0.018597301917874322,-0.008019094385214087,10.380952380952381,8.0,1.8815899478281513,-10.607041686050934,5,0
S,b_any,both,trail_5,False,244,2,0.47540983606557374,0.5635882893357489,-2.8672916751126554,0.9979299936696179,137.51554259792272,116.0,0.0200201567773161,-0.005791121113849884,18.790983606557376,11.0,1.761044225303413,-8.817845327017515,5,1
S,b_any,both,trail_10,False,167,3,0.4431137724550898,0.5828802914199548,-3.8006744644280497,0.9999278486117579,97.34100866713246,74.0,0.06994359436524349,-0.013560868160097717,46.89820359281437,26.0,2.6914193319485067,-13.976651896486498,4,0
S,b_any,both,fixed_5,False,374,0,0.5508021390374331,0.533906414050141,0.6039474079303543,0.2729393041856115,199.68099885475274,206.0,0.009472443927946937,0.006662022454479111,5.0,5.0,1.5597590593265092,1.6895724987292082,5,2
S,b_any,both,fixed_10,False,307,0,0.5863192182410424,0.5560475235685178,1.0116955840820674,0.15584181378792905,170.70658973553498,180.0,0.01535613163383107,0.01256434560449926,10.0,10.0,1.716550545921985,3.027169467252455,5,5
S,b_any,both,fixed_20,False,249,0,0.6184738955823293,0.5696223992571624,1.5000209499041008,0.06680448793028304,141.83597741503343,154.0,0.03268775413748331,0.025806509352897855,20.0,20.0,2.2040596890003723,4.885149632516694,5,4
S,b_any,hist_rising,death_cross,False,1553,1,0.4127495170637476,0.5351801417593834,-9.719518793596988,1.0,831.1347601523225,641.0,0.005961172824221995,-0.0082390191484627,6.024468770122344,5.0,1.2660680973320122,-12.243062469563586,5,0
S,b_any,hist_rising,k_turn_down,False,1554,0,0.4272844272844273,0.5248791590348982,-7.740790269283437,0.9999999999999951,815.6622131402319,664.0,0.00455319771085439,-0.0050165193325094615,3.7155727155727156,3.0,1.2686747623635832,-9.759473175047095,5,0
S,b_any,hist_rising,k_over_80,False,613,2,0.732463295269168,0.5535019378938247,8.927358136780015,2.1815155842546046e-19,339.2966879289146,449.0,0.01874348201652684,0.02362208764817786,18.64274061990212,10.0,1.6989743939537036,17.896135737534323,5,5
S,b_any,hist_rising,macd_death,False,721,2,0.521497919556172,0.5652295282020229,-2.4211272142266527,0.9922637692215406,407.53048983365846,376.0,0.022315392632001,0.003556841141697964,20.35367545076283,17.0,1.6172805388745572,-4.37316086458509,5,0
S,b_any,hist_rising,trail_5,False,851,5,0.4418331374853114,0.5519181658416838,-6.535460357988107,0.9999999999682929,469.68235913127296,376.0,0.015504627893490714,-0.011299477645120626,15.331374853113983,9.0,1.474424735981322,-11.008502835637247,5,0
S,b_any,hist_rising,trail_10,False,465,5,0.4064516129032258,0.5617687608475442,-6.875564441989151,0.9999999999969128,261.22247379410805,189.0,0.042335853340929944,-0.027138617684278388,33.16774193548387,17.0,1.8235959658182328,-15.531714794431844,4,0
S,b_any,hist_rising,fixed_5,False,1316,0,0.5501519756838906,0.5328504134201903,1.2320198617554128,0.10897083242599731,701.2311440609705,724.0,0.0057925509791783665,0.0053200578739570625,5.0,5.0,1.2697447523843872,1.7301562263700276,5,4
S,b_any,hist_rising,fixed_10,False,1039,0,0.5399422521655438,0.5548927862580277,-1.0025672155661824,0.8419651397143484,576.5336049220908,561.0,0.008015253468377703,0.007100641535034313,10.0,10.0,1.2630688128997758,-1.4950534092483925,5,2
S,b_any,hist_rising,fixed_20,False,677,4,0.5627769571639586,0.5680778952976673,-0.3188355205213632,0.6250743793081837,384.58873511652075,381.0,0.01597234266817768,0.018552523328058568,20.0,20.0,1.3801291122113022,-0.5300938133708688,5,3
S,b_any,recent_cross,death_cross,False,224,0,0.45535714285714285,0.5330174603608434,-2.401073540545172,0.9918264745622907,119.39591112082891,102.0,0.021444029822840244,-0.0034633133291956386,6.075892857142857,6.0,2.1821212285200837,-7.766031750370056,5,0
S,b_any,recent_cross,k_turn_down,False,224,0,0.4955357142857143,0.5224167789297645,-0.8734808510849559,0.8087994804439184,117.02135848026724,111.0,0.016954341342493146,-1.7025583726182347e-07,3.825892857142857,3.0,2.129088647309096,-2.6881064644050157,5,1
S,b_any,recent_cross,k_over_80,False,169,1,0.757396449704142,0.5479634331428418,5.423458847808968,2.9228339070379366e-08,92.60582020114026,128.0,0.021471568947385705,0.030741718183604716,18.940828402366865,10.0,1.6639529742292762,20.94330165613002,4,4
S,b_any,recent_cross,macd_death,False,213,0,0.4460093896713615,0.5494135015801234,-3.1136929108626683,0.9990761915888067,117.02507583656629,95.0,0.03437261666355849,-0.007008291957981028,14.009389671361502,11.0,2.1294022930174545,-10.340411190876186,5,0
S,b_any,recent_cross,trail_5,False,180,2,0.4777777777777778,0.5557967209334801,-2.197947639370016,0.9860235812643312,100.04340976802641,86.0,0.03592089289770483,-0.007003043047888791,19.044444444444444,10.0,2.305560563497023,-7.801894315570229,4,1
S,b_any,recent_cross,trail_10,False,143,3,0.46153846153846156,0.5735852695156741,-2.836975426817262,0.9977228441482798,82.0226935407414,66.0,0.09013505654628537,-0.011839915054986494,43.38461538461539,22.0,3.100763163429937,-11.204680797721256,4,0
S,b_any,recent_cross,fixed_5,False,207,0,0.5652173913043478,0.5305068559821723,0.932241657425877,0.1756058257205138,109.81491918830967,117.0,0.011586512686609311,0.007393823831237878,5.0,5.0,1.5736443765702592,3.4710535322175495,4,4
S,b_any,recent_cross,fixed_10,False,201,0,0.5522388059701493,0.5518894710834863,-0.061058132271373286,0.5243435437437541,110.92978368778076,111.0,0.020948422497368488,0.013215824976990032,10.0,10.0,1.695514795205777,0.03493348866629997,4,3
S,b_any,recent_cross,fixed_20,False,185,0,0.6216216216216216,0.563293478413797,1.5325300506561308,0.06269584394108571,104.20929350655243,115.0,0.039762830009234286,0.027051443246075557,20.0,20.0,1.969803532185005,5.8328143207824645,4,4
S,b_any,dif_rising,death_cross,False,1266,1,0.4186413902053712,0.5341714597798828,-8.285069491228615,0.9999999999999999,676.2610680813316,530.0,0.007245874876527381,-0.007307982943335178,5.74565560821485,5.0,1.3493986190594236,-11.553006957451156,5,0
S,b_any,dif_rising,k_turn_down,False,1267,0,0.4419889502762431,0.5242493999291119,-5.899295218201759,0.9999999981747123,664.2239897101848,560.0,0.005722478244340427,-0.004494377928932147,3.5595895816890293,3.0,1.3586709141406872,-8.226044965286883,5,0
S,b_any,dif_rising,k_over_80,False,609,2,0.7257799671592775,0.5477208932616159,8.837410584741026,4.898129378707377e-19,333.56202399632406,442.0,0.016829024214903406,0.020779222685678,16.154351395730707,6.0,1.7135030636301694,17.805907389766162,5,5
S,b_any,dif_rising,macd_death,False,641,2,0.48673946957878317,0.5613426338398411,-3.8671103686192914,0.9999449337038906,359.82062829133815,312.0,0.018989897823776834,-0.001290686766836746,18.366614664586585,15.0,1.5371262008522768,-7.4603164261057895,5,0
S,b_any,dif_rising,trail_5,False,698,5,0.4484240687679083,0.5523125901073314,-5.595409824666465,0.9999999889949387,385.5141878949173,313.0,0.016294612870718365,-0.009906280652282051,15.505730659025788,9.0,1.530603574333028,-10.388852133942306,5,0
S,b_any,dif_rising,trail_10,False,387,5,0.4134366925064599,0.5636159304465987,-6.082378100489337,0.9999999994079354,218.11936508283372,160.0,0.04670458691498462,-0.02202643097776069,34.96124031007752,17.0,1.9711540539285557,-15.017923794013882,4,0
S,b_any,dif_rising,fixed_5,False,1097,0,0.5569735642661805,0.5329131483559273,1.5690415243469962,0.0583191318616302,584.6057237464522,611.0,0.0061739963408910725,0.00642081697959429,5.0,5.0,1.2981253504967714,2.406041591025321,5,4
S,b_any,dif_rising,fixed_10,False,885,0,0.5423728813559322,0.5547709345513552,-0.777188253531547,0.7814761442814494,490.97227707794934,480.0,0.008463103664839676,0.007100641535034313,10.0,10.0,1.2853299205431983,-1.2398053195422976,5,2
S,b_any,dif_rising,fixed_20,False,582,3,0.5687285223367697,0.5673800024730044,0.023944873510242694,0.4904482903231699,330.2151614392885,331.0,0.019852786341495947,0.018895653275255775,20.0,20.0,1.5335769891658424,0.1348519863765385,5,2
