arm,window,symbol,n_closed,n_open,win_rate,base_rate,edge_pp,z,p_value,mean_ret,median_ret,mean_hold_bars,median_hold_bars,profit_factor,expected_wins,wins
A-MAIN,W1,NVDA,0,0,,,,,,,,,,,,
A-MAIN,W1,AAPL,0,0,,,,,,,,,,,,
A-MAIN,W1,MSFT,0,0,,,,,,,,,,,,
A-MAIN,W1,META,0,0,,,,,,,,,,,,
A-MAIN,W1,AMD,0,0,,,,,,,,,,,,
A-LOOKAHEAD,W1,NVDA,0,0,,,,,,,,,,,,
A-LOOKAHEAD,W1,AAPL,0,0,,,,,,,,,,,,
A-LOOKAHEAD,W1,MSFT,0,0,,,,,,,,,,,,
A-LOOKAHEAD,W1,META,0,0,,,,,,,,,,,,
A-LOOKAHEAD,W1,AMD,0,0,,,,,,,,,,,,
A-CLOSE-FILL,W1,NVDA,0,0,,,,,,,,,,,,
A-CLOSE-FILL,W1,AAPL,0,0,,,,,,,,,,,,
A-CLOSE-FILL,W1,MSFT,0,0,,,,,,,,,,,,
A-CLOSE-FILL,W1,META,0,0,,,,,,,,,,,,
A-CLOSE-FILL,W1,AMD,0,0,,,,,,,,,,,,
A-NOMACD,W1,NVDA,40,0,0.575,0.605010518022939,-3.001051802293908,-0.5512046691425689,0.7092533101571259,0.03194826836712009,0.020379770770281525,8.225,9.0,2.437421510630882,24.200420720917563,23.0
A-NOMACD,W1,AAPL,48,1,0.4583333333333333,0.5954690936315208,-13.713576029818746,-2.0875766556626045,0.9815819801942706,0.0020928822133090158,-0.008887014895437972,7.4375,7.0,1.1076545004391767,28.582516494312998,22.0
A-NOMACD,W1,MSFT,36,0,0.4722222222222222,0.5953846914354604,-12.316246921323815,-1.6788223551347496,0.9534066647939076,0.002244902799682801,-0.013543841466354178,7.638888888888889,7.0,1.1411355386227269,21.433848891676572,17.0
A-NOMACD,W1,META,46,0,0.3695652173913043,0.5597487381465349,-19.018352075523058,-2.750872472239566,0.9970281611345148,-0.001721089507500647,-0.019755308680640293,6.8478260869565215,6.5,0.9357766967390276,25.748441954740606,17.0
A-NOMACD,W1,AMD,46,0,0.32608695652173914,0.5543113657232477,-22.822440920150854,-3.263906515936139,0.9994505629164339,-0.006955759069381376,-0.02325672056019984,7.521739130434782,7.0,0.8326671200632059,25.498322823269394,15.0
A-NOMACD-LOOKAHEAD,W1,NVDA,40,0,0.775,0.605010518022939,16.9989481977061,2.0420578681200148,0.020572895736905603,0.07817787197178885,0.05319292808730647,8.225,9.0,17.441532179280713,24.200420720917563,31.0
A-NOMACD-LOOKAHEAD,W1,AAPL,47,1,0.6595744680851063,0.5964006617245654,6.317380636054093,0.7357367100559287,0.23094547215626515,0.029809513977579416,0.011549732499257725,7.574468085106383,7.0,6.15703741359914,28.030831101054574,31.0
A-NOMACD-LOOKAHEAD,W1,MSFT,36,0,0.6111111111111112,0.5953846914354604,1.5726419675650805,0.022508990832220955,0.49102097008549767,0.025345956659503052,0.016746827591461733,7.638888888888889,7.0,5.035389752784157,21.433848891676572,22.0
A-NOMACD-LOOKAHEAD,W1,META,46,0,0.5869565217391305,0.5597487381465349,2.720778359259557,0.22354471684114388,0.4115557922540584,0.028142935600763544,0.010599107192605595,6.8478260869565215,6.5,3.5049180470625942,25.748441954740606,27.0
A-NOMACD-LOOKAHEAD,W1,AMD,46,0,0.6086956521739131,0.5543113657232477,5.43842864506654,0.594025769648174,0.27624743865825974,0.049902061770918785,0.018889370412099704,7.521739130434782,7.0,3.9232629693292504,25.498322823269394,28.0
A-NOMACD-CLOSE-FILL,W1,NVDA,40,0,0.525,0.6036575544831668,-7.86575544831668,-1.181349161246514,0.8812679774239133,0.030658610640565197,0.017656944338844682,8.225,9.0,2.291270617075764,24.146302179326675,21.0
A-NOMACD-CLOSE-FILL,W1,AAPL,48,1,0.4166666666666667,0.5899817668251451,-17.331510015847844,-2.59524973016626,0.9952738893560044,0.003337931887352793,-0.01809964829247873,7.4375,7.0,1.1520096200174916,28.31912480760697,20.0
A-NOMACD-CLOSE-FILL,W1,MSFT,36,0,0.4166666666666667,0.5966333875082301,-17.996672084156344,-2.376334296161839,0.9912571934463256,0.0009612434237445369,-0.012317825231845048,7.638888888888889,7.0,1.056169946201444,21.478801950296283,15.0
A-NOMACD-CLOSE-FILL,W1,META,46,0,0.34782608695652173,0.5622058132427907,-21.437972628626902,-3.0838484671095716,0.9989782917644904,-0.006220793949974007,-0.021269037430311,6.8478260869565215,6.5,0.795835047621473,25.861467409168373,16.0
A-NOMACD-CLOSE-FILL,W1,AMD,46,0,0.32608695652173914,0.554812844585209,-22.872588806346982,-3.2710688316511507,0.9994642908531374,-0.004921100516992378,-0.03422638138003303,7.521739130434782,7.0,0.8788037416413385,25.521390850919612,15.0
A-NOK30,W1,NVDA,78,0,0.44871794871794873,0.5788443583966001,-13.012640967865135,-2.4446267964579116,0.9927498949560909,0.008806258891827378,-0.005643198353208867,4.0256410256410255,3.0,1.5742208265902533,45.149859954934804,35.0
A-NOK30,W1,AAPL,75,0,0.41333333333333333,0.5728344963924584,-15.950116305912509,-2.911780019713772,0.9982031218535551,0.0026041734673749655,-0.0024808219570591206,3.6666666666666665,3.0,1.2877979367453953,42.962587229434384,31.0
A-NOK30,W1,MSFT,69,0,0.42028985507246375,0.5727077587001549,-15.241790362769114,-2.6845884363828474,0.9963690415814938,0.003931566943037195,-0.0029083233999239733,4.246376811594203,3.0,1.5780507161878146,39.516835350310686,29.0
A-NOK30,W1,META,65,0,0.4461538461538462,0.5432907024518383,-9.713685629799212,-1.698207355097114,0.9552656835728585,-0.0003800696040914555,-0.0020892932989213797,3.9076923076923076,3.0,0.9694136948420627,35.31389565936949,29.0
A-NOK30,W1,AMD,65,0,0.4461538461538462,0.5427201159928119,-9.65662698389657,-1.688201527715059,0.9543137249647374,0.012366884489073407,-0.0026399758711341814,4.323076923076923,3.0,1.665487459248563,35.276807539532776,29.0
A-NOK30-LOOKAHEAD,W1,NVDA,78,0,0.8461538461538461,0.5788443583966001,26.730948775724606,4.671281864395384,1.4966293093759049e-06,0.0483213915838312,0.029625266752489554,4.0256410256410255,3.0,12.077030566417593,45.149859954934804,66.0
A-NOK30-LOOKAHEAD,W1,AAPL,75,0,0.88,0.5728344963924584,30.71655036075416,5.265679348376632,6.983594340398709e-08,0.026547883108939477,0.018445099524088127,3.6666666666666665,3.0,28.94709611050329,42.962587229434384,66.0
A-NOK30-LOOKAHEAD,W1,MSFT,69,0,0.8695652173913043,0.5727077587001549,29.685745869114943,4.869508441857356,5.593810213419464e-07,0.024943544970635768,0.017549475434881057,4.246376811594203,3.0,25.979144868283587,39.516835350310686,60.0
A-NOK30-LOOKAHEAD,W1,META,65,0,0.8307692307692308,0.5432907024518383,28.74785283173925,4.532469778775573,2.9149009404557633e-06,0.0276157100035652,0.017004210542299614,3.9076923076923076,3.0,8.0457525855322,35.31389565936949,54.0
A-NOK30-LOOKAHEAD,W1,AMD,65,0,0.9230769230769231,0.5427201159928119,38.03568070841112,6.034350286523861,7.980176045535463e-10,0.08607476022994383,0.05977176764686165,4.323076923076923,3.0,71.43517317286938,35.276807539532776,60.0
A-NOK30-CLOSE-FILL,W1,NVDA,78,0,0.44871794871794873,0.579102484201641,-13.038453548369228,-2.4494581578095196,0.9928464334120082,0.010250709776520964,-0.002823747188597958,4.0256410256410255,3.0,1.6985097825336957,45.169993767728,35.0
A-NOK30-CLOSE-FILL,W1,AAPL,75,0,0.4533333333333333,0.5673952675456874,-11.406193421235406,-2.1128857019513525,0.9826947240300913,0.006543854466215988,-0.002051185828190416,3.6666666666666665,3.0,2.118298984927691,42.55464506592655,34.0
A-NOK30-CLOSE-FILL,W1,MSFT,69,0,0.4782608695652174,0.5737440999350137,-9.548323036979633,-1.72822251541405,0.9580258307190952,0.004476804050694373,-0.0011117359746395383,4.246376811594203,3.0,1.6519759495962838,39.58834289551595,33.0
A-NOK30-CLOSE-FILL,W1,META,65,0,0.38461538461538464,0.5456411232932651,-16.102573867788045,-2.7343874041533285,0.9968751767106084,0.0017650526342717508,-0.008134308060143591,3.9076923076923076,3.0,1.125481056167103,35.46667301406223,25.0
A-NOK30-CLOSE-FILL,W1,AMD,65,0,0.4307692307692308,0.543024441593625,-11.225521082439416,-1.942464689908464,0.9739595647211156,0.016727570757987458,-0.00714288439069477,4.323076923076923,3.0,1.8609156069132966,35.29658870358562,28.0
A-MAIN,W2,NVDA,0,0,,,,,,,,,,,,
A-MAIN,W2,AAPL,0,0,,,,,,,,,,,,
A-MAIN,W2,MSFT,0,0,,,,,,,,,,,,
A-MAIN,W2,META,0,0,,,,,,,,,,,,
A-MAIN,W2,AMD,0,0,,,,,,,,,,,,
A-LOOKAHEAD,W2,NVDA,0,0,,,,,,,,,,,,
A-LOOKAHEAD,W2,AAPL,0,0,,,,,,,,,,,,
A-LOOKAHEAD,W2,MSFT,0,0,,,,,,,,,,,,
A-LOOKAHEAD,W2,META,0,0,,,,,,,,,,,,
A-LOOKAHEAD,W2,AMD,0,0,,,,,,,,,,,,
A-CLOSE-FILL,W2,NVDA,0,0,,,,,,,,,,,,
A-CLOSE-FILL,W2,AAPL,0,0,,,,,,,,,,,,
A-CLOSE-FILL,W2,MSFT,0,0,,,,,,,,,,,,
A-CLOSE-FILL,W2,META,0,0,,,,,,,,,,,,
A-CLOSE-FILL,W2,AMD,0,0,,,,,,,,,,,,
A-NOMACD,W2,NVDA,145,0,0.3586206896551724,0.5561020438819023,-19.74813542267299,-4.874247424583377,0.9999994538798607,-0.006008086058205386,-0.024979897227584535,6.779310344827586,6.0,0.8510294614361613,80.63479636287583,52.0
A-NOMACD,W2,AAPL,238,1,0.39915966386554624,0.5453747051285995,-14.621504126305329,-4.597867678035233,0.9999978658153555,0.003623099474401945,-0.01753834177271585,6.907563025210084,7.0,1.1330064680633665,129.7991798206067,95.0
A-NOMACD,W2,MSFT,184,0,0.375,0.5584277469820816,-18.342774698208164,-5.092147998683699,0.9999998229852123,-0.005623211943624448,-0.013797098286888243,6.630434782608695,6.0,0.74405994632216,102.75070544470302,69.0
A-NOMACD,W2,META,55,0,0.4,0.5658627429146587,-16.586274291465863,-2.622435061531813,0.9956348048121001,-0.00023050435440150416,-0.019161146028077836,7.236363636363636,7.0,0.9915003667746588,31.122450860306223,22.0
A-NOMACD,W2,AMD,294,0,0.3129251700680272,0.494844955965952,-18.19197858979248,-6.299557292588018,0.9999999998507515,-0.005588528109385142,-0.02857142857142858,6.755102040816326,6.0,0.8571220597643255,145.4844170539899,92.0
A-NOMACD-LOOKAHEAD,W2,NVDA,145,0,0.6689655172413793,0.5561020438819023,11.2863473359477,2.6542463865400476,0.003974288246930386,0.04727477629511585,0.01658082170164188,6.779310344827586,6.0,4.903960296140736,80.63479636287583,97.0
A-NOMACD-LOOKAHEAD,W2,AAPL,237,1,0.6624472573839663,0.5453098438145297,11.713741356943652,3.5583774626584876,0.00018657640267634703,0.04207482549256793,0.018226395049344202,6.890295358649789,7.0,5.195816607289972,129.23843298404356,157.0
A-NOMACD-LOOKAHEAD,W2,MSFT,184,0,0.6413043478260869,0.5584277469820816,8.287660084400528,2.1928187982290814,0.014160218500207109,0.025240942620224666,0.010814369661722001,6.630434782608695,6.0,4.910669961253432,102.75070544470302,118.0
A-NOMACD-LOOKAHEAD,W2,META,55,0,0.6181818181818182,0.5658627429146587,5.2319075267159505,0.6479605159811995,0.2585052441134505,0.03401800850981538,0.016814045655336507,7.236363636363636,7.0,4.354599038448002,31.122450860306223,34.0
A-NOMACD-LOOKAHEAD,W2,AMD,294,0,0.5952380952380952,0.494844955965952,10.039313927214321,3.385890542513901,0.0003547383814623014,0.04419071409920926,0.013405692926969581,6.755102040816326,6.0,4.034620971398183,145.4844170539899,175.0
A-NOMACD-CLOSE-FILL,W2,NVDA,145,0,0.3310344827586207,0.5526095123561034,-22.157502959748278,-5.454542936103729,0.9999999754505146,-0.007336896718049635,-0.02943464372735083,6.779310344827586,6.0,0.8200324427157673,80.128379291635,48.0
A-NOMACD-CLOSE-FILL,W2,AAPL,238,1,0.36554621848739494,0.5388357927531617,-17.32895742657668,-5.433152694189756,0.9999999723165051,0.005333335090751155,-0.019155074339584854,6.907563025210084,7.0,1.195242871158462,128.2429186752525,87.0
A-NOMACD-CLOSE-FILL,W2,MSFT,184,0,0.3423913043478261,0.5542799123204819,-21.18886079726558,-5.866722716095545,0.9999999977775346,-0.004511132939397336,-0.018095275345097583,6.630434782608695,6.0,0.7971202981110036,101.98750386696867,63.0
A-NOMACD-CLOSE-FILL,W2,META,55,0,0.38181818181818183,0.5687257258353414,-18.69075440171596,-2.9399073669438973,0.9983584480825117,-0.0028887852490377427,-0.014735023969994265,7.236363636363636,7.0,0.9025208021621235,31.279914920943778,21.0
A-NOMACD-CLOSE-FILL,W2,AMD,294,0,0.3231292517006803,0.4957849995383241,-17.265574783764382,-5.981421878458307,0.9999999988940093,-0.0036568035732798924,-0.0295930926418993,6.755102040816326,6.0,0.9074389787606225,145.76078986426728,95.0
A-NOK30,W2,NVDA,176,0,0.39204545454545453,0.5436027940785536,-15.155733953309907,-4.114300467378561,0.9999805822342982,0.0055373291313785605,-0.007691662642309305,4.0,3.5,1.271201242563477,95.67409175782544,69.0
A-NOK30,W2,AAPL,280,0,0.475,0.5355070485819462,-6.050704858194623,-2.090736864621289,0.9817241707803499,0.006755465863802511,-0.0013736233027087374,4.042857142857143,3.0,1.5574903178861121,149.94197360294493,133.0
A-NOK30,W2,MSFT,263,0,0.4144486692015209,0.544289595026019,-12.984092582449813,-4.293611788294443,0.9999912105129972,0.002912806480181243,-0.004253861032807893,4.114068441064639,3.0,1.2686772076733654,143.148163491843,109.0
A-NOK30,W2,META,80,0,0.4,0.5453278533830963,-14.532785338309628,-2.7252594648738695,0.9967874513429089,-0.0003540111149881439,-0.0049362727404803075,3.8625,3.0,0.9719481811926252,43.6262282706477,32.0
A-NOK30,W2,AMD,245,0,0.40816326530612246,0.48586721833195595,-7.770395302583349,-2.4982089192013808,0.9937588696957554,0.008523812352303152,-0.008620689655172376,3.979591836734694,3.0,1.4227718116275045,119.03746849132921,100.0
A-NOK30-LOOKAHEAD,W2,NVDA,176,0,0.8522727272727273,0.5436027940785536,30.866993319417368,8.149525710425289,1.8267717688454983e-16,0.053865289656773306,0.029625266752489554,4.0,3.5,15.267195139409973,95.67409175782544,150.0
A-NOK30-LOOKAHEAD,W2,AAPL,280,0,0.8714285714285714,0.5355070485819462,33.592152284662525,11.214626235674869,1.7282175228724247e-29,0.044106606658508594,0.031453610883627636,4.042857142857143,3.0,22.64955864872154,149.94197360294493,244.0
A-NOK30-LOOKAHEAD,W2,MSFT,263,0,0.8821292775665399,0.544289595026019,33.78396825405209,10.948588569151545,3.3745522614362756e-28,0.032489387403609196,0.020282082529377465,4.114068441064639,3.0,28.892498175252268,143.148163491843,232.0
A-NOK30-LOOKAHEAD,W2,META,80,0,0.825,0.5453278533830963,27.967214661690363,4.915931162388037,4.4180722434164433e-07,0.029090733396415235,0.018983485116520038,3.8625,3.0,9.693036338714892,43.6262282706477,66.0
A-NOK30-LOOKAHEAD,W2,AMD,245,0,0.8979591836734694,0.48586721833195595,41.209196534151346,12.84590131888864,4.5344738526030963e-38,0.07677066335293475,0.0502091549338628,3.979591836734694,3.0,57.69843683588886,119.03746849132921,220.0
A-NOK30-CLOSE-FILL,W2,NVDA,176,0,0.38636363636363635,0.541131000241593,-15.476736387795665,-4.198233420301765,0.9999865497361601,0.005937463440566283,-0.007833785213513189,4.0,3.5,1.328958214815637,95.23905604252037,68.0
A-NOK30-CLOSE-FILL,W2,AAPL,280,0,0.44285714285714284,0.5267957326834818,-8.393858982633894,-2.874886401602585,0.9979791355751415,0.00813977010772822,-0.0031874356864799447,4.042857142857143,3.0,1.6820522095275248,147.5028051513749,124.0
A-NOK30-CLOSE-FILL,W2,MSFT,263,0,0.3916349809885932,0.5392729581406654,-14.763797715207227,-4.87082150019167,0.9999994443239638,0.0024908274493500204,-0.00460993483579053,4.114068441064639,3.0,1.2276908224891339,141.828787990995,103.0
A-NOK30-CLOSE-FILL,W2,META,80,0,0.3625,0.5483027970863491,-18.58027970863491,-3.454834524639596,0.9997246846709475,0.000869249151027926,-0.00869037525610683,3.8625,3.0,1.0604935520256824,43.86422376690793,29.0
A-NOK30-CLOSE-FILL,W2,AMD,245,0,0.42857142857142855,0.4873864868532399,-5.881505828181133,-1.9062441205076275,0.9716907297998377,0.013280137265472499,-0.008403361344537785,3.979591836734694,3.0,1.7106776279512554,119.40968927904377,105.0
