symbol,arm,signal_date,entry_date,exit_signal_date,exit_date,entry_price,exit_price,ret,hold_bars,entry_bar,exit_bar,closed,base_rate,base_n
NVDA,A-NOK30-CLOSE-FILL,2016-03-16,2016-03-16,2016-03-31,2016-03-31,0.8093487620353699,0.8712115287780762,0.07643523984287359,10,4314,4324,True,0.6160781367392938,2662
NVDA,A-NOK30-CLOSE-FILL,2016-04-01,2016-04-01,2016-04-04,2016-04-04,0.8839263916015625,0.875368058681488,-0.009682178291529286,1,4325,4326,True,0.5443654062149008,2671
NVDA,A-NOK30-CLOSE-FILL,2016-07-22,2016-07-22,2016-07-27,2016-07-27,1.3402419090270996,1.3743177652359009,0.025425153458704663,3,4403,4406,True,0.581116523042338,2669
NVDA,A-NOK30-CLOSE-FILL,2016-07-29,2016-07-29,2016-08-01,2016-08-01,1.3998135328292847,1.3907427787780762,-0.006479973109614678,1,4408,4409,True,0.5443654062149008,2671
NVDA,A-NOK30-CLOSE-FILL,2016-08-11,2016-08-11,2016-08-17,2016-08-17,1.463552474975586,1.4990991353988647,0.024287930245802558,4,4417,4421,True,0.5873313343328336,2668
NVDA,A-NOK30-CLOSE-FILL,2016-08-23,2016-08-23,2016-08-24,2016-08-24,1.545088291168213,1.5212647914886475,-0.015418859760792603,1,4425,4426,True,0.5443654062149008,2671
NVDA,A-NOK30-CLOSE-FILL,2016-11-11,2016-11-11,2016-11-29,2016-11-29,2.160569190979004,2.2936763763427734,0.06160746247772586,11,4482,4493,True,0.6204434423149192,2661
NVDA,A-NOK30-CLOSE-FILL,2017-03-30,2017-03-30,2017-04-04,2017-04-04,2.69431471824646,2.482020378112793,-0.07879344558227197,3,4576,4579,True,0.581116523042338,2669
NVDA,A-NOK30-CLOSE-FILL,2017-05-10,2017-05-10,2017-05-25,2017-05-25,2.9871439933776855,3.408668041229248,0.14111273135344504,11,4604,4615,True,0.6204434423149192,2661
NVDA,A-NOK30-CLOSE-FILL,2017-05-30,2017-05-30,2017-06-01,2017-06-01,3.5716323852539062,3.5590577125549316,-0.0035207074364347335,2,4617,4619,True,0.5655430711610487,2670
NVDA,A-NOK30-CLOSE-FILL,2017-06-05,2017-06-05,2017-06-09,2017-06-09,3.649044990539551,3.6882455348968506,0.010742685951784736,4,4621,4625,True,0.5873313343328336,2668
NVDA,A-NOK30-CLOSE-FILL,2017-09-12,2017-09-12,2017-09-21,2017-09-21,4.1852545738220215,4.460389137268066,0.0657390270037479,7,4690,4697,True,0.5984990619136961,2665
NVDA,A-NOK30-CLOSE-FILL,2018-01-03,2018-01-03,2018-01-16,2018-01-16,5.246500015258789,5.435153484344482,0.03595796598437406,8,4768,4776,True,0.5998498498498499,2664
NVDA,A-NOK30-CLOSE-FILL,2018-01-19,2018-01-19,2018-01-24,2018-01-24,5.682081699371338,5.8225860595703125,0.024727620550496487,3,4779,4782,True,0.581116523042338,2669
NVDA,A-NOK30-CLOSE-FILL,2018-01-26,2018-01-26,2018-01-30,2018-01-30,6.008521556854248,5.993460178375244,-0.002506669625212954,2,4784,4786,True,0.5655430711610487,2670
NVDA,A-NOK30-CLOSE-FILL,2018-07-26,2018-07-26,2018-07-30,2018-07-30,6.300541877746582,6.0357537269592285,-0.04202625042817054,2,4909,4911,True,0.5655430711610487,2670
NVDA,A-NOK30-CLOSE-FILL,2018-08-22,2018-08-22,2018-09-05,2018-09-05,6.497837543487549,6.887288570404053,0.059935482275458085,9,4928,4937,True,0.6098385279759669,2663
NVDA,A-NOK30-CLOSE-FILL,2019-01-25,2019-01-25,2019-01-28,2019-01-28,3.965602159500122,3.4173755645751953,-0.13824548526926173,1,5034,5035,True,0.5443654062149008,2671
NVDA,A-NOK30-CLOSE-FILL,2019-02-20,2019-02-20,2019-02-21,2019-02-21,3.925983190536499,3.8571455478668213,-0.017533860775463705,1,5051,5052,True,0.5443654062149008,2671
NVDA,A-NOK30-CLOSE-FILL,2019-02-22,2019-02-22,2019-02-25,2019-02-25,3.94183087348938,3.929450273513794,-0.0031408247519829624,1,5053,5054,True,0.5443654062149008,2671
NVDA,A-NOK30-CLOSE-FILL,2019-04-01,2019-04-01,2019-04-12,2019-04-12,4.518232345581055,4.7098388671875,0.04240740779828234,9,5079,5088,True,0.6098385279759669,2663
NVDA,A-NOK30-CLOSE-FILL,2019-07-12,2019-07-12,2019-07-25,2019-07-25,4.159343719482422,4.302530765533447,0.0344253939342245,9,5150,5159,True,0.6098385279759669,2663
NVDA,A-NOK30-CLOSE-FILL,2019-09-04,2019-09-04,2019-09-16,2019-09-16,4.1920270919799805,4.476449489593506,0.06784841590305346,8,5187,5195,True,0.5998498498498499,2664
NVDA,A-NOK30-CLOSE-FILL,2019-10-21,2019-10-21,2019-10-22,2019-10-22,4.868924140930176,4.858986854553223,-0.0020409614299422563,1,5220,5221,True,0.5443654062149008,2671
NVDA,A-NOK30-CLOSE-FILL,2019-10-25,2019-10-25,2019-10-30,2019-10-30,5.080809593200684,5.0425543785095215,-0.0075293541293806054,3,5224,5227,True,0.581116523042338,2669
NVDA,A-NOK30-CLOSE-FILL,2019-11-04,2019-11-04,2019-11-08,2019-11-08,5.228855133056641,5.161292552947998,-0.01292110383428191,4,5230,5234,True,0.5873313343328336,2668
NVDA,A-NOK30-CLOSE-FILL,2020-01-16,2020-01-16,2020-01-21,2020-01-21,6.188027381896973,6.163417339324951,-0.00397704164076873,2,5280,5282,True,0.5655430711610487,2670
NVDA,A-NOK30-CLOSE-FILL,2020-04-13,2020-04-13,2020-04-21,2020-04-21,6.712080001831055,6.703622341156006,-0.0012600655344903178,6,5339,5345,True,0.594523630907727,2666
NVDA,A-NOK30-CLOSE-FILL,2020-04-27,2020-04-27,2020-04-28,2020-04-28,7.389382839202881,7.247104644775391,-0.01925440832117431,1,5349,5350,True,0.5443654062149008,2671
NVDA,A-NOK30-CLOSE-FILL,2020-04-29,2020-04-29,2020-05-01,2020-05-01,7.423707008361816,7.033691883087158,-0.052536438309776834,2,5351,5353,True,0.5655430711610487,2670
NVDA,A-NOK30-CLOSE-FILL,2020-05-07,2020-05-07,2020-05-13,2020-05-13,7.5831451416015625,7.740594863891602,0.020763116009248073,4,5357,5361,True,0.5873313343328336,2668
NVDA,A-NOK30-CLOSE-FILL,2020-05-14,2020-05-14,2020-05-21,2020-05-21,7.9898247718811035,8.730804443359375,0.09274041579560421,5,5362,5367,True,0.5969253843269592,2667
NVDA,A-NOK30-CLOSE-FILL,2020-05-22,2020-05-22,2020-05-26,2020-05-26,8.980531692504883,8.673593521118164,-0.03417817362004172,1,5368,5369,True,0.5443654062149008,2671
NVDA,A-NOK30-CLOSE-FILL,2020-08-17,2020-08-17,2020-08-20,2020-08-20,12.280113220214844,12.085018157958984,-0.015887073576382416,3,5427,5430,True,0.581116523042338,2669
NVDA,A-NOK30-CLOSE-FILL,2020-08-21,2020-08-21,2020-08-27,2020-08-27,12.625016212463379,12.57002067565918,-0.004356076529225206,4,5431,5435,True,0.5873313343328336,2668
NVDA,A-NOK30-CLOSE-FILL,2020-08-28,2020-08-28,2020-09-02,2020-09-02,13.087126731872559,14.28462028503418,0.0915016395650261,3,5436,5439,True,0.581116523042338,2669
NVDA,A-NOK30-CLOSE-FILL,2020-10-12,2020-10-12,2020-10-15,2020-10-15,14.164640426635742,13.909744262695312,-0.0179952442323289,3,5466,5469,True,0.581116523042338,2669
NVDA,A-NOK30-CLOSE-FILL,2021-01-21,2021-01-21,2021-01-27,2021-01-27,13.811765670776367,12.86583423614502,-0.06848736484378659,4,5535,5539,True,0.5873313343328336,2668
NVDA,A-NOK30-CLOSE-FILL,2021-04-15,2021-04-15,2021-04-19,2021-04-19,16.077939987182617,15.305289268493652,-0.048056574368664395,2,5593,5595,True,0.5655430711610487,2670
NVDA,A-NOK30-CLOSE-FILL,2021-06-11,2021-06-11,2021-06-15,2021-06-15,17.76380729675293,17.727184295654297,-0.0020616639488837407,2,5633,5635,True,0.5655430711610487,2670
NVDA,A-NOK30-CLOSE-FILL,2021-06-24,2021-06-24,2021-07-07,2021-07-07,19.13930320739746,20.301530838012695,0.06072465742462474,8,5642,5650,True,0.5998498498498499,2664
NVDA,A-NOK30-CLOSE-FILL,2021-10-29,2021-10-29,2021-11-04,2021-11-04,25.48336410522461,29.703514099121094,0.16560411633530236,4,5731,5735,True,0.5873313343328336,2668
NVDA,A-NOK30-CLOSE-FILL,2021-11-19,2021-11-19,2021-11-23,2021-11-23,32.877098083496094,31.642154693603516,-0.03756242070867277,2,5746,5748,True,0.5655430711610487,2670
NVDA,A-NOK30-CLOSE-FILL,2021-11-29,2021-11-29,2021-12-01,2021-12-01,33.26681900024414,31.336000442504883,-0.05804037223171499,2,5751,5753,True,0.5655430711610487,2670
NVDA,A-NOK30-CLOSE-FILL,2022-07-28,2022-07-28,2022-08-08,2022-08-08,17.9342098236084,17.743738174438477,-0.010620576598763032,7,5917,5924,True,0.5984990619136961,2665
NVDA,A-NOK30-CLOSE-FILL,2022-08-15,2022-08-15,2022-08-19,2022-08-19,18.979310989379883,17.799585342407227,-0.06215850763143016,4,5929,5933,True,0.5873313343328336,2668
NVDA,A-NOK30-CLOSE-FILL,2022-11-04,2022-11-04,2022-11-09,2022-11-09,14.121002197265625,13.741943359375,-0.02684362147921948,3,5987,5990,True,0.581116523042338,2669
NVDA,A-NOK30-CLOSE-FILL,2022-11-10,2022-11-10,2022-11-16,2022-11-16,15.711061477661133,15.87066650390625,0.010158767851048855,4,5991,5995,True,0.5873313343328336,2668
NVDA,A-NOK30-CLOSE-FILL,2022-11-30,2022-11-30,2022-12-06,2022-12-06,16.885478973388672,15.951554298400879,-0.05530933866073018,4,6004,6008,True,0.5873313343328336,2668
NVDA,A-NOK30-CLOSE-FILL,2023-02-02,2023-02-02,2023-02-03,2023-02-03,21.660869598388672,21.053220748901367,-0.028052837247702467,1,6047,6048,True,0.5443654062149008,2671
NVDA,A-NOK30-CLOSE-FILL,2023-02-07,2023-02-07,2023-02-09,2023-02-09,22.12384033203125,22.2874755859375,0.007396331353437535,2,6050,6052,True,0.5655430711610487,2670
NVDA,A-NOK30-CLOSE-FILL,2023-02-14,2023-02-14,2023-02-16,2023-02-16,22.920072555541992,21.953218460083008,-0.042183727521630465,2,6055,6057,True,0.5655430711610487,2670
NVDA,A-NOK30-CLOSE-FILL,2023-03-30,2023-03-30,2023-04-05,2023-04-05,27.326929092407227,26.825960159301758,-0.018332427014079,4,6086,6090,True,0.5873313343328336,2668
NVDA,A-NOK30-CLOSE-FILL,2023-05-05,2023-05-05,2023-05-12,2023-05-12,28.621274948120117,28.281970977783203,-0.011854956529782412,5,6111,6116,True,0.5969253843269592,2667
NVDA,A-NOK30-CLOSE-FILL,2023-05-15,2023-05-15,2023-05-23,2023-05-23,28.893714904785156,30.62516212463379,0.05992470077158152,6,6117,6123,True,0.594523630907727,2666
NVDA,A-NOK30-CLOSE-FILL,2023-05-26,2023-05-26,2023-05-31,2023-05-31,38.866249084472656,37.75653076171875,-0.028552236166191958,2,6126,6128,True,0.5655430711610487,2670
NVDA,A-NOK30-CLOSE-FILL,2023-06-13,2023-06-13,2023-06-23,2023-06-23,40.94224166870117,42.126930236816406,0.02893560586402577,7,6137,6144,True,0.5984990619136961,2665
NVDA,A-NOK30-CLOSE-FILL,2023-08-29,2023-08-29,2023-09-05,2023-09-05,48.68914794921875,48.45361328125,-0.0048375187878498815,4,6190,6194,True,0.5873313343328336,2668
NVDA,A-NOK30-CLOSE-FILL,2023-11-20,2023-11-20,2023-11-21,2023-11-21,50.31513214111328,49.85099792480469,-0.009224545311873333,1,6248,6249,True,0.5443654062149008,2671
NVDA,A-NOK30-CLOSE-FILL,2024-01-08,2024-01-08,2024-01-24,2024-01-24,52.16028594970703,61.25312042236328,0.17432485859881153,11,6280,6291,True,0.6204434423149192,2661
NVDA,A-NOK30-CLOSE-FILL,2024-01-30,2024-01-30,2024-01-31,2024-01-31,62.66261291503906,61.41782760620117,-0.01986488036376055,1,6295,6296,True,0.5443654062149008,2671
NVDA,A-NOK30-CLOSE-FILL,2024-02-02,2024-02-02,2024-02-12,2024-02-12,66.04261016845703,72.11981201171875,0.09201940728509062,6,6298,6304,True,0.594523630907727,2666
NVDA,A-NOK30-CLOSE-FILL,2024-02-23,2024-02-23,2024-03-08,2024-03-08,78.67715454101562,87.37680053710938,0.11057397851823025,10,6312,6322,True,0.6160781367392938,2662
NVDA,A-NOK30-CLOSE-FILL,2024-05-13,2024-05-13,2024-05-17,2024-05-17,90.24284362792969,92.3192367553711,0.023008950560139185,4,6367,6371,True,0.5873313343328336,2668
NVDA,A-NOK30-CLOSE-FILL,2024-05-21,2024-05-21,2024-05-30,2024-05-30,95.22122955322266,110.30911254882812,0.1584508314626656,6,6373,6379,True,0.594523630907727,2666
NVDA,A-NOK30-CLOSE-FILL,2024-06-03,2024-06-03,2024-06-06,2024-06-06,114.80134582519531,120.78897857666016,0.05215646827504994,3,6381,6384,True,0.581116523042338,2669
NVDA,A-NOK30-CLOSE-FILL,2024-06-13,2024-06-13,2024-06-20,2024-06-20,129.39669799804688,130.56480407714844,0.00902732524997818,4,6389,6393,True,0.5873313343328336,2668
NVDA,A-NOK30-CLOSE-FILL,2024-08-23,2024-08-23,2024-08-26,2024-08-26,129.1571044921875,126.25189971923828,-0.022493573112928877,1,6438,6439,True,0.5443654062149008,2671
NVDA,A-NOK30-CLOSE-FILL,2024-10-04,2024-10-04,2024-10-15,2024-10-15,124.72511291503906,131.3946990966797,0.05347428457478198,7,6467,6474,True,0.5984990619136961,2665
NVDA,A-NOK30-CLOSE-FILL,2024-10-21,2024-10-21,2024-10-23,2024-10-23,143.4857940673828,139.34226989746094,-0.028877591658837076,2,6478,6480,True,0.5655430711610487,2670
NVDA,A-NOK30-CLOSE-FILL,2025-06-03,2025-06-03,2025-06-13,2025-06-13,141.02235412597656,141.78115844726562,0.005380737869481456,8,6631,6639,True,0.5998498498498499,2664
NVDA,A-NOK30-CLOSE-FILL,2025-07-02,2025-07-02,2025-07-07,2025-07-07,157.04083251953125,158.02952575683594,0.006295771752112378,2,6651,6653,True,0.5655430711610487,2670
NVDA,A-NOK30-CLOSE-FILL,2025-07-08,2025-07-08,2025-07-11,2025-07-11,159.7871856689453,164.7006378173828,0.03074997615026165,3,6654,6657,True,0.581116523042338,2669
NVDA,A-NOK30-CLOSE-FILL,2025-07-16,2025-07-16,2025-07-21,2025-07-21,171.14205932617188,171.1520538330078,5.839889314929181e-05,3,6660,6663,True,0.581116523042338,2669
NVDA,A-NOK30-CLOSE-FILL,2025-09-29,2025-09-29,2025-10-06,2025-10-06,181.61837768554688,185.30364990234375,0.020291295758502637,5,6712,6717,True,0.5969253843269592,2667
NVDA,A-NOK30-CLOSE-FILL,2025-10-08,2025-10-08,2025-10-10,2025-10-10,188.86911010742188,182.92669677734375,-0.031463129818837476,2,6719,6721,True,0.5655430711610487,2670
NVDA,A-NOK30-CLOSE-FILL,2026-04-27,2026-04-27,2026-04-28,2026-04-28,216.3578338623047,212.92184448242188,-0.01588104908680843,1,6856,6857,True,0.5443654062149008,2671
NVDA,A-NOK30-CLOSE-FILL,2026-07-22,2026-07-22,2026-07-24,2026-07-24,212.05999755859375,206.83999633789062,-0.02461568084881638,2,6915,6917,True,0.5655430711610487,2670
AAPL,A-NOK30-CLOSE-FILL,2016-03-15,2016-03-15,2016-03-23,2016-03-23,23.643131256103516,23.993549346923828,0.014821137142308594,6,8890,8896,True,0.5911477869467366,2666
AAPL,A-NOK30-CLOSE-FILL,2016-03-30,2016-03-30,2016-04-05,2016-04-05,24.76899528503418,24.825517654418945,0.0022819807075065146,4,8900,8904,True,0.573088455772114,2668
AAPL,A-NOK30-CLOSE-FILL,2016-04-06,2016-04-06,2016-04-07,2016-04-07,25.08551025390625,24.538402557373047,-0.021809709708735525,1,8905,8906,True,0.536128790715088,2671
AAPL,A-NOK30-CLOSE-FILL,2016-07-28,2016-07-28,2016-08-11,2016-08-11,23.732484817504883,24.682039260864258,0.04001074690076245,10,8984,8994,True,0.6111945905334335,2662
AAPL,A-NOK30-CLOSE-FILL,2016-08-15,2016-08-15,2016-08-16,2016-08-16,25.0365047454834,25.013633728027344,-0.0009135068049057615,1,8996,8997,True,0.536128790715088,2671
AAPL,A-NOK30-CLOSE-FILL,2017-01-25,2017-01-25,2017-01-30,2017-01-30,28.01530647277832,27.957841873168945,-0.002051185828190416,3,9108,9111,True,0.5728737354814537,2669
AAPL,A-NOK30-CLOSE-FILL,2017-02-03,2017-02-03,2017-02-16,2017-02-16,29.67029571533203,31.246408462524414,0.053120897827045654,9,9115,9124,True,0.6012016522718738,2663
AAPL,A-NOK30-CLOSE-FILL,2017-02-21,2017-02-21,2017-02-23,2017-02-23,31.55805206298828,31.51881217956543,-0.0012434190597230277,2,9126,9128,True,0.5561797752808989,2670
AAPL,A-NOK30-CLOSE-FILL,2017-08-03,2017-08-03,2017-08-11,2017-08-11,36.06256103515625,36.64866256713867,0.016252354662527946,6,9240,9246,True,0.5911477869467366,2666
AAPL,A-NOK30-CLOSE-FILL,2017-08-14,2017-08-14,2017-08-17,2017-08-17,37.20022201538086,36.73711395263672,-0.012449067173649242,3,9247,9250,True,0.5728737354814537,2669
AAPL,A-NOK30-CLOSE-FILL,2017-10-27,2017-10-27,2017-11-13,2017-11-13,37.94491195678711,40.63175582885742,0.07080906855523028,11,9300,9311,True,0.6151822623074032,2661
AAPL,A-NOK30-CLOSE-FILL,2018-03-09,2018-03-09,2018-03-14,2018-03-14,42.20680618286133,41.84567642211914,-0.008556197291441303,3,9390,9393,True,0.5728737354814537,2669
AAPL,A-NOK30-CLOSE-FILL,2018-07-19,2018-07-19,2018-07-20,2018-07-20,45.17097854614258,45.067405700683594,-0.002292906835152708,1,9481,9482,True,0.536128790715088,2671
AAPL,A-NOK30-CLOSE-FILL,2018-07-24,2018-07-24,2018-07-27,2018-07-27,45.43464660644531,44.9591064453125,-0.01046646549827801,3,9484,9487,True,0.5728737354814537,2669
AAPL,A-NOK30-CLOSE-FILL,2018-08-01,2018-08-01,2018-08-20,2018-08-20,47.4356575012207,50.89990234375,0.07303039580383497,13,9490,9503,True,0.6269274163219255,2659
AAPL,A-NOK30-CLOSE-FILL,2018-08-27,2018-08-27,2018-09-06,2018-09-06,51.48577117919922,52.70475387573242,0.023676108342447932,7,9508,9515,True,0.6037523452157598,2665
AAPL,A-NOK30-CLOSE-FILL,2019-02-22,2019-02-22,2019-03-06,2019-03-06,41.18057632446289,41.549591064453125,0.008960893045370621,8,9630,9638,True,0.5957207207207207,2664
AAPL,A-NOK30-CLOSE-FILL,2019-04-02,2019-04-02,2019-04-12,2019-04-12,46.192138671875,47.34681701660156,0.024997291269165833,8,9657,9665,True,0.5957207207207207,2664
AAPL,A-NOK30-CLOSE-FILL,2019-07-03,2019-07-03,2019-07-08,2019-07-08,48.85319519042969,47.80400085449219,-0.021476473173305033,2,9721,9723,True,0.5561797752808989,2670
AAPL,A-NOK30-CLOSE-FILL,2019-07-15,2019-07-15,2019-07-17,2019-07-17,49.04438781738281,48.599853515625,-0.009063917841385605,2,9728,9730,True,0.5561797752808989,2670
AAPL,A-NOK30-CLOSE-FILL,2019-07-29,2019-07-29,2019-07-30,2019-07-30,50.112693786621094,49.897605895996094,-0.0042920839885566275,1,9738,9739,True,0.536128790715088,2671
AAPL,A-NOK30-CLOSE-FILL,2019-10-18,2019-10-18,2019-10-29,2019-10-29,56.715736389160156,58.36628341674805,0.029102099922718283,7,9796,9803,True,0.6037523452157598,2665
AAPL,A-NOK30-CLOSE-FILL,2019-11-01,2019-11-01,2019-11-14,2019-11-14,61.37228775024414,63.19759750366211,0.029741595438744328,9,9806,9815,True,0.6012016522718738,2663
AAPL,A-NOK30-CLOSE-FILL,2019-11-18,2019-11-18,2019-11-19,2019-11-19,64.27078247070312,64.07585144042969,-0.0030329649458102903,1,9817,9818,True,0.536128790715088,2671
AAPL,A-NOK30-CLOSE-FILL,2019-12-23,2019-12-23,2019-12-27,2019-12-27,68.33734893798828,69.73297119140625,0.020422540164448,3,9841,9844,True,0.5728737354814537,2669
AAPL,A-NOK30-CLOSE-FILL,2019-12-31,2019-12-31,2020-01-03,2020-01-03,70.65934753417969,71.56891632080078,0.012872589662409561,2,9846,9848,True,0.5561797752808989,2670
AAPL,A-NOK30-CLOSE-FILL,2020-01-06,2020-01-06,2020-01-07,2020-01-07,72.13917541503906,71.79991912841797,-0.004702802390923466,1,9849,9850,True,0.536128790715088,2671
AAPL,A-NOK30-CLOSE-FILL,2020-01-08,2020-01-08,2020-01-14,2020-01-14,72.95492553710938,75.23844146728516,0.03130036681367376,4,9851,9855,True,0.573088455772114,2668
AAPL,A-NOK30-CLOSE-FILL,2020-01-17,2020-01-17,2020-01-22,2020-01-22,76.69422149658203,76.44636535644531,-0.0032317446516849646,2,9858,9860,True,0.5561797752808989,2670
AAPL,A-NOK30-CLOSE-FILL,2020-01-23,2020-01-23,2020-01-24,2020-01-24,76.81454467773438,76.5931625366211,-0.002882034151762025,1,9861,9862,True,0.536128790715088,2671
AAPL,A-NOK30-CLOSE-FILL,2020-04-27,2020-04-27,2020-04-28,2020-04-28,68.2993392944336,67.19223022460938,-0.01620966002396529,1,9926,9927,True,0.536128790715088,2671
AAPL,A-NOK30-CLOSE-FILL,2020-04-29,2020-04-29,2020-05-12,2020-05-12,69.39917755126953,75.31401824951172,0.08522926217493754,9,9928,9937,True,0.6012016522718738,2663
AAPL,A-NOK30-CLOSE-FILL,2020-05-20,2020-05-20,2020-05-26,2020-05-26,77.20525360107422,76.60062408447266,-0.007831455612149596,3,9943,9946,True,0.5728737354814537,2669
AAPL,A-NOK30-CLOSE-FILL,2020-06-16,2020-06-16,2020-06-19,2020-06-19,85.14998626708984,84.5792236328125,-0.0067030267331698035,3,9961,9964,True,0.5728737354814537,2669
AAPL,A-NOK30-CLOSE-FILL,2020-06-22,2020-06-22,2020-06-24,2020-06-24,86.79214477539062,87.07994079589844,0.003315922440361385,2,9965,9967,True,0.5561797752808989,2670
AAPL,A-NOK30-CLOSE-FILL,2020-08-18,2020-08-18,2020-08-19,2020-08-19,111.9959716796875,112.13652038574219,0.00125494429796702,1,10005,10006,True,0.536128790715088,2671
AAPL,A-NOK30-CLOSE-FILL,2020-08-20,2020-08-20,2020-08-25,2020-08-25,114.62479400634766,120.97265625,0.055379486599564265,3,10007,10010,True,0.5728737354814537,2669
AAPL,A-NOK30-CLOSE-FILL,2020-09-01,2020-09-01,2020-09-02,2020-09-02,130.0389404296875,127.34465789794922,-0.020719044025086397,1,10015,10016,True,0.536128790715088,2671
AAPL,A-NOK30-CLOSE-FILL,2020-10-09,2020-10-09,2020-10-14,2020-10-14,113.36004638671875,117.4498062133789,0.036077612501218104,3,10042,10045,True,0.5728737354814537,2669
AAPL,A-NOK30-CLOSE-FILL,2020-12-15,2020-12-15,2020-12-30,2020-12-30,124.14715576171875,129.81668090820312,0.045667781204477675,10,10088,10098,True,0.6111945905334335,2662
AAPL,A-NOK30-CLOSE-FILL,2021-06-28,2021-06-28,2021-07-08,2021-07-08,131.263916015625,139.503173828125,0.06276864246164382,7,10221,10228,True,0.6037523452157598,2665
AAPL,A-NOK30-CLOSE-FILL,2021-07-09,2021-07-09,2021-07-12,2021-07-12,141.3243865966797,140.73028564453125,-0.00420381058397179,1,10229,10230,True,0.536128790715088,2671
AAPL,A-NOK30-CLOSE-FILL,2021-07-14,2021-07-14,2021-07-15,2021-07-15,145.2589874267578,144.6064910888672,-0.004491951578690645,1,10232,10233,True,0.536128790715088,2671
AAPL,A-NOK30-CLOSE-FILL,2021-10-28,2021-10-28,2021-10-29,2021-10-29,148.8123779296875,146.11061096191406,-0.018155525806126116,1,10307,10308,True,0.536128790715088,2671
AAPL,A-NOK30-CLOSE-FILL,2021-11-05,2021-11-05,2021-11-08,2021-11-08,147.7694854736328,146.948974609375,-0.005552640733828773,1,10313,10314,True,0.536128790715088,2671
AAPL,A-NOK30-CLOSE-FILL,2021-11-30,2021-11-30,2021-12-02,2021-12-02,161.46414184570312,159.95985412597656,-0.009316543614767858,2,10329,10331,True,0.5561797752808989,2670
AAPL,A-NOK30-CLOSE-FILL,2021-12-07,2021-12-07,2021-12-14,2021-12-14,167.20770263671875,170.2846221923828,0.018401781180793275,5,10334,10339,True,0.583427071616048,2667
AAPL,A-NOK30-CLOSE-FILL,2021-12-15,2021-12-15,2021-12-16,2021-12-16,175.13926696777344,168.2626495361328,-0.039263710250117434,1,10340,10341,True,0.536128790715088,2671
AAPL,A-NOK30-CLOSE-FILL,2022-07-19,2022-07-19,2022-07-25,2022-07-25,147.9009246826172,149.8108673095703,0.012913662514630664,4,10487,10491,True,0.573088455772114,2668
AAPL,A-NOK30-CLOSE-FILL,2022-07-28,2022-07-28,2022-08-02,2022-08-02,154.12057495117188,156.7259521484375,0.016904798065352722,3,10494,10497,True,0.5728737354814537,2669
AAPL,A-NOK30-CLOSE-FILL,2022-08-03,2022-08-03,2022-08-08,2022-08-08,162.7203826904297,161.71055603027344,-0.006205901457824181,3,10498,10501,True,0.5728737354814537,2669
AAPL,A-NOK30-CLOSE-FILL,2022-08-10,2022-08-10,2022-08-11,2022-08-11,165.996826171875,165.26116943359375,-0.004431751830721975,1,10503,10504,True,0.536128790715088,2671
AAPL,A-NOK30-CLOSE-FILL,2022-08-12,2022-08-12,2022-08-18,2022-08-18,168.802001953125,170.81271362304688,0.011911657721217273,4,10505,10509,True,0.573088455772114,2668
AAPL,A-NOK30-CLOSE-FILL,2022-10-28,2022-10-28,2022-11-01,2022-11-01,152.75552368164062,147.76307678222656,-0.03268259490124148,2,10559,10561,True,0.5561797752808989,2670
AAPL,A-NOK30-CLOSE-FILL,2023-02-02,2023-02-02,2023-02-06,2023-02-06,148.17518615722656,149.0692138671875,0.0060335858732263326,2,10624,10626,True,0.5561797752808989,2670
AAPL,A-NOK30-CLOSE-FILL,2023-02-15,2023-02-15,2023-02-16,2023-02-16,152.83908081054688,151.24508666992188,-0.010429231399270544,1,10633,10634,True,0.536128790715088,2671
AAPL,A-NOK30-CLOSE-FILL,2023-03-30,2023-03-30,2023-04-05,2023-04-05,159.75636291503906,161.1339111328125,0.008622806582708975,4,10663,10667,True,0.573088455772114,2668
AAPL,A-NOK30-CLOSE-FILL,2023-05-05,2023-05-05,2023-05-16,2023-05-16,170.7865753173828,169.5448455810547,-0.007270651888303004,7,10688,10695,True,0.6037523452157598,2665
AAPL,A-NOK30-CLOSE-FILL,2023-05-18,2023-05-18,2023-05-22,2023-05-22,172.48110961914062,171.6435546875,-0.004855922677503899,2,10697,10699,True,0.5561797752808989,2670
AAPL,A-NOK30-CLOSE-FILL,2023-06-12,2023-06-12,2023-06-21,2023-06-21,181.0928497314453,181.2603759765625,0.0009250848134845224,6,10713,10719,True,0.5911477869467366,2666
AAPL,A-NOK30-CLOSE-FILL,2023-06-22,2023-06-22,2023-06-26,2023-06-26,184.25576782226562,182.55113220214844,-0.009251464093984252,2,10720,10722,True,0.5561797752808989,2670
AAPL,A-NOK30-CLOSE-FILL,2023-06-27,2023-06-27,2023-07-05,2023-07-05,185.30018615722656,188.52218627929688,0.01738800261828377,5,10723,10728,True,0.583427071616048,2667
AAPL,A-NOK30-CLOSE-FILL,2024-06-11,2024-06-11,2024-06-13,2024-06-13,205.19400024414062,212.21707153320312,0.0342264943453825,2,10964,10966,True,0.5561797752808989,2670
AAPL,A-NOK30-CLOSE-FILL,2024-06-17,2024-06-17,2024-06-20,2024-06-20,214.62411499023438,207.7001190185547,-0.03226103446947115,2,10968,10970,True,0.5561797752808989,2670
AAPL,A-NOK30-CLOSE-FILL,2024-08-27,2024-08-27,2024-08-28,2024-08-28,226.13829040527344,224.61109924316406,-0.006753350612903386,1,11017,11018,True,0.536128790715088,2671
AAPL,A-NOK30-CLOSE-FILL,2024-12-09,2024-12-09,2024-12-11,2024-12-11,244.9722442626953,244.71409606933594,-0.0010537854773561284,2,11089,11091,True,0.5561797752808989,2670
AAPL,A-NOK30-CLOSE-FILL,2024-12-16,2024-12-16,2024-12-18,2024-12-18,249.23130798339844,246.2628631591797,-0.011910401017582006,2,11094,11096,True,0.5561797752808989,2670
AAPL,A-NOK30-CLOSE-FILL,2024-12-23,2024-12-23,2024-12-27,2024-12-27,253.43084716796875,253.74856567382812,0.001253669430575588,3,11099,11102,True,0.5728737354814537,2669
AAPL,A-NOK30-CLOSE-FILL,2025-07-21,2025-07-21,2025-07-29,2025-07-29,211.4580078125,210.2538299560547,-0.005694642964351848,6,11240,11246,True,0.5911477869467366,2666
AAPL,A-NOK30-CLOSE-FILL,2026-02-24,2026-02-24,2026-03-02,2026-03-02,271.6552429199219,264.2484130859375,-0.027265550829688068,4,11390,11394,True,0.573088455772114,2668
AAPL,A-NOK30-CLOSE-FILL,2026-04-22,2026-04-22,2026-04-24,2026-04-24,272.68341064453125,270.5771179199219,-0.007724315606992049,2,11430,11432,True,0.5561797752808989,2670
AAPL,A-NOK30-CLOSE-FILL,2026-05-05,2026-05-05,2026-05-18,2026-05-18,283.67376708984375,297.5833435058594,0.04903370713024113,9,11439,11448,True,0.6012016522718738,2663
AAPL,A-NOK30-CLOSE-FILL,2026-05-21,2026-05-21,2026-05-26,2026-05-26,304.7271728515625,308.0643005371094,0.010951198261444306,2,11451,11453,True,0.5561797752808989,2670
AAPL,A-NOK30-CLOSE-FILL,2026-05-28,2026-05-28,2026-06-01,2026-06-01,312.24072265625,306.0460510253906,-0.01983940972900955,2,11455,11457,True,0.5561797752808989,2670
AAPL,A-NOK30-CLOSE-FILL,2026-07-27,2026-07-27,2026-07-30,2026-07-30,336.61968994140625,333.1426696777344,-0.010329224247925262,3,11495,11498,True,0.5728737354814537,2669
MSFT,A-NOK30-CLOSE-FILL,2016-03-09,2016-03-09,2016-03-18,2016-03-18,46.392852783203125,46.96355438232422,0.012301498288713075,7,7560,7567,True,0.5902439024390244,2665
MSFT,A-NOK30-CLOSE-FILL,2016-03-30,2016-03-30,2016-04-05,2016-04-05,48.33320999145508,47.90298843383789,-0.008901158389712727,4,7574,7578,True,0.5817091454272864,2668
MSFT,A-NOK30-CLOSE-FILL,2016-07-22,2016-07-22,2016-07-27,2016-07-27,50.01514434814453,49.67916488647461,-0.0067175545736956055,3,7654,7657,True,0.5762457849381791,2669
MSFT,A-NOK30-CLOSE-FILL,2016-08-04,2016-08-04,2016-08-12,2016-08-12,50.740116119384766,51.22639465332031,0.009583709520715189,6,7663,7669,True,0.5877719429857464,2666
MSFT,A-NOK30-CLOSE-FILL,2016-09-27,2016-09-27,2016-09-29,2016-09-29,51.554569244384766,51.06528854370117,-0.009490539982290436,2,7700,7702,True,0.5573033707865168,2670
MSFT,A-NOK30-CLOSE-FILL,2016-11-08,2016-11-08,2016-11-10,2016-11-10,53.79646682739258,52.2218017578125,-0.029270789745959203,2,7730,7732,True,0.5573033707865168,2670
MSFT,A-NOK30-CLOSE-FILL,2016-12-19,2016-12-19,2016-12-22,2016-12-22,56.98118591308594,56.9184684753418,-0.0011006692250983274,3,7758,7761,True,0.5762457849381791,2669
MSFT,A-NOK30-CLOSE-FILL,2017-07-25,2017-07-25,2017-07-26,2017-07-26,67.23423767089844,67.10733032226562,-0.0018875405303768744,1,7907,7908,True,0.5357543991014602,2671
MSFT,A-NOK30-CLOSE-FILL,2017-09-07,2017-09-07,2017-09-19,2017-09-19,67.72908020019531,68.73128509521484,0.014797261265872663,8,7938,7946,True,0.6051051051051051,2664
MSFT,A-NOK30-CLOSE-FILL,2017-11-06,2017-11-06,2017-11-08,2017-11-08,76.95825958251953,77.04023742675781,0.0010652247683742289,2,7980,7982,True,0.5573033707865168,2670
MSFT,A-NOK30-CLOSE-FILL,2018-01-18,2018-01-18,2018-01-25,2018-01-25,82.4998550415039,84.54174041748047,0.024750169257259147,5,8029,8034,True,0.587551556055493,2667
MSFT,A-NOK30-CLOSE-FILL,2018-01-26,2018-01-26,2018-01-30,2018-01-30,86.12579345703125,84.91714477539062,-0.014033527392042333,2,8035,8037,True,0.5573033707865168,2670
MSFT,A-NOK30-CLOSE-FILL,2018-03-08,2018-03-08,2018-03-14,2018-03-14,86.87076568603516,86.33720397949219,-0.006142016849158938,4,8063,8067,True,0.5817091454272864,2668
MSFT,A-NOK30-CLOSE-FILL,2018-05-23,2018-05-23,2018-05-29,2018-05-29,91.15554809570312,90.55499267578125,-0.006588248685547415,3,8116,8119,True,0.5762457849381791,2669
MSFT,A-NOK30-CLOSE-FILL,2018-05-30,2018-05-30,2018-05-31,2018-05-31,91.42350006103516,91.32186126708984,-0.0011117359746395383,1,8120,8121,True,0.5357543991014602,2671
MSFT,A-NOK30-CLOSE-FILL,2018-06-01,2018-06-01,2018-06-07,2018-06-07,93.12353515625,93.2066650390625,0.0008926839243486029,4,8122,8126,True,0.5817091454272864,2668
MSFT,A-NOK30-CLOSE-FILL,2018-07-23,2018-07-23,2018-07-27,2018-07-27,99.75739288330078,99.48945617675781,-0.0026858832092415685,4,8157,8161,True,0.5817091454272864,2668
MSFT,A-NOK30-CLOSE-FILL,2018-10-01,2018-10-01,2018-10-03,2018-10-03,107.22730255126953,106.81922912597656,-0.0038056858242596636,2,8206,8208,True,0.5573033707865168,2670
MSFT,A-NOK30-CLOSE-FILL,2019-01-25,2019-01-25,2019-01-28,2019-01-28,99.82870483398438,97.88187408447266,-0.01950171298675374,1,8285,8286,True,0.5357543991014602,2671
MSFT,A-NOK30-CLOSE-FILL,2019-02-05,2019-02-05,2019-02-28,2019-02-28,99.87529754638672,104.80145263671875,0.04932305796680203,16,8292,8308,True,0.6453313253012049,2656
MSFT,A-NOK30-CLOSE-FILL,2019-03-12,2019-03-12,2019-03-22,2019-03-22,106.28887176513672,109.49756622314453,0.030188432756139916,8,8316,8324,True,0.6051051051051051,2664
MSFT,A-NOK30-CLOSE-FILL,2019-04-30,2019-04-30,2019-05-01,2019-05-01,122.17327880859375,119.62875366210938,-0.02082718227175373,1,8350,8351,True,0.5357543991014602,2671
MSFT,A-NOK30-CLOSE-FILL,2019-09-18,2019-09-18,2019-09-24,2019-09-24,130.49501037597656,129.4210662841797,-0.008229771304685718,4,8448,8452,True,0.5817091454272864,2668
MSFT,A-NOK30-CLOSE-FILL,2019-10-25,2019-10-25,2019-11-07,2019-11-07,132.57699584960938,135.90248107910156,0.025083425734465203,9,8475,8484,True,0.6087119789710852,2663
MSFT,A-NOK30-CLOSE-FILL,2019-11-08,2019-11-08,2019-11-20,2019-11-20,137.50401306152344,141.43153381347656,0.028562953651366074,8,8485,8493,True,0.6051051051051051,2664
MSFT,A-NOK30-CLOSE-FILL,2019-11-25,2019-11-25,2019-11-29,2019-11-29,142.9534454345703,143.09521484375,0.0009917173297133708,3,8496,8499,True,0.5762457849381791,2669
MSFT,A-NOK30-CLOSE-FILL,2019-12-19,2019-12-19,2019-12-30,2019-12-30,147.1882781982422,148.9653778076172,0.012073649010157617,6,8513,8519,True,0.5877719429857464,2666
MSFT,A-NOK30-CLOSE-FILL,2020-01-02,2020-01-02,2020-01-03,2020-01-03,151.82952880859375,149.93905639648438,-0.012451282875893144,1,8521,8522,True,0.5357543991014602,2671
MSFT,A-NOK30-CLOSE-FILL,2020-01-09,2020-01-09,2020-01-22,2020-01-22,153.2190704345703,156.63153076171875,0.022271772811764068,8,8526,8534,True,0.6051051051051051,2664
MSFT,A-NOK30-CLOSE-FILL,2020-04-29,2020-04-29,2020-05-12,2020-05-12,168.1776580810547,172.99276733398438,0.028631087552717593,9,8602,8611,True,0.6087119789710852,2663
MSFT,A-NOK30-CLOSE-FILL,2020-06-17,2020-06-17,2020-06-26,2020-06-26,184.62387084960938,186.6103973388672,0.010759857217358393,7,8636,8643,True,0.5902439024390244,2665
MSFT,A-NOK30-CLOSE-FILL,2020-06-30,2020-06-30,2020-07-13,2020-07-13,193.43490600585938,196.8187255859375,0.017493324498400575,8,8645,8653,True,0.6051051051051051,2664
MSFT,A-NOK30-CLOSE-FILL,2020-10-09,2020-10-09,2020-10-16,2020-10-16,205.62184143066406,209.29010009765625,0.017839829861795664,5,8716,8721,True,0.587551556055493,2667
MSFT,A-NOK30-CLOSE-FILL,2021-02-11,2021-02-11,2021-02-16,2021-02-16,233.55776977539062,232.8031463623047,-0.00323099254549164,2,8801,8803,True,0.5573033707865168,2670
MSFT,A-NOK30-CLOSE-FILL,2021-03-23,2021-03-23,2021-03-24,2021-03-24,227.47946166992188,225.44960021972656,-0.00892327349156774,1,8828,8829,True,0.5357543991014602,2671
MSFT,A-NOK30-CLOSE-FILL,2021-04-01,2021-04-01,2021-04-19,2021-04-19,232.0467071533203,247.73983764648438,0.06762918847538368,11,8835,8846,True,0.6234498308906427,2661
MSFT,A-NOK30-CLOSE-FILL,2021-04-26,2021-04-26,2021-04-28,2021-04-28,250.4303741455078,243.737548828125,-0.02672529376765642,2,8851,8853,True,0.5573033707865168,2670
MSFT,A-NOK30-CLOSE-FILL,2021-06-07,2021-06-07,2021-06-18,2021-06-18,243.58062744140625,248.97412109375,0.022142539449863108,9,8880,8889,True,0.6087119789710852,2663
MSFT,A-NOK30-CLOSE-FILL,2021-06-21,2021-06-21,2021-06-25,2021-06-25,252.045166015625,254.33877563476562,0.009099994478761086,4,8890,8894,True,0.5817091454272864,2668
MSFT,A-NOK30-CLOSE-FILL,2021-06-28,2021-06-28,2021-07-06,2021-07-06,257.8896484375,266.4694519042969,0.03326928210876301,5,8895,8900,True,0.587551556055493,2667
MSFT,A-NOK30-CLOSE-FILL,2021-07-07,2021-07-07,2021-07-08,2021-07-08,268.6478576660156,266.2391662597656,-0.008965980325234879,1,8901,8902,True,0.5357543991014602,2671
MSFT,A-NOK30-CLOSE-FILL,2021-08-19,2021-08-19,2021-08-25,2021-08-25,285.3544616699219,290.3929443359375,0.017656926184121735,4,8932,8936,True,0.5817091454272864,2668
MSFT,A-NOK30-CLOSE-FILL,2021-10-28,2021-10-28,2021-11-08,2021-11-08,311.8736267089844,324.02734375,0.03897000579775378,7,8981,8988,True,0.5902439024390244,2665
MSFT,A-NOK30-CLOSE-FILL,2022-08-10,2022-08-10,2022-08-11,2022-08-11,279.7718200683594,277.70135498046875,-0.007400549088127373,1,9177,9178,True,0.5357543991014602,2671
MSFT,A-NOK30-CLOSE-FILL,2022-08-12,2022-08-12,2022-08-17,2022-08-17,282.4326477050781,282.46002197265625,9.69231701808404e-05,3,9179,9182,True,0.5762457849381791,2669
MSFT,A-NOK30-CLOSE-FILL,2022-12-01,2022-12-01,2022-12-06,2022-12-06,247.64002990722656,238.3349151611328,-0.037575164037816244,3,9256,9259,True,0.5762457849381791,2669
MSFT,A-NOK30-CLOSE-FILL,2023-01-31,2023-01-31,2023-02-06,2023-02-06,240.95042419433594,249.66241455078125,0.03615677534320816,4,9296,9300,True,0.5817091454272864,2668
MSFT,A-NOK30-CLOSE-FILL,2023-02-07,2023-02-07,2023-02-08,2023-02-08,260.1537170410156,259.34674072265625,-0.0031019211546846615,1,9301,9302,True,0.5357543991014602,2671
MSFT,A-NOK30-CLOSE-FILL,2023-03-23,2023-03-23,2023-03-27,2023-03-27,270.650390625,269.4027099609375,-0.00460993483579053,2,9332,9334,True,0.5573033707865168,2670
MSFT,A-NOK30-CLOSE-FILL,2023-03-30,2023-03-30,2023-04-05,2023-04-05,276.8791198730469,277.16168212890625,0.0010205256936273166,4,9337,9341,True,0.5817091454272864,2668
MSFT,A-NOK30-CLOSE-FILL,2023-04-06,2023-04-06,2023-04-11,2023-04-11,284.23846435546875,275.6898498535156,-0.03007550199561393,2,9342,9344,True,0.5573033707865168,2670
MSFT,A-NOK30-CLOSE-FILL,2023-05-10,2023-05-10,2023-05-11,2023-05-11,304.4256286621094,302.2810974121094,-0.0070445161250870525,1,9365,9366,True,0.5357543991014602,2671
MSFT,A-NOK30-CLOSE-FILL,2023-05-26,2023-05-26,2023-05-31,2023-05-31,325.1954345703125,320.79949951171875,-0.013517825256071592,2,9377,9379,True,0.5573033707865168,2670
MSFT,A-NOK30-CLOSE-FILL,2023-06-01,2023-06-01,2023-06-07,2023-06-07,324.89263916015625,315.90521240234375,-0.02766275893798298,4,9380,9384,True,0.5817091454272864,2668
MSFT,A-NOK30-CLOSE-FILL,2023-09-14,2023-09-14,2023-09-15,2023-09-15,331.57171630859375,323.2701721191406,-0.02503694911578913,1,9452,9453,True,0.5357543991014602,2671
MSFT,A-NOK30-CLOSE-FILL,2023-10-31,2023-10-31,2023-11-17,2023-11-17,330.9939880371094,362.8009948730469,0.09609542162551743,13,9485,9498,True,0.634072959759308,2659
MSFT,A-NOK30-CLOSE-FILL,2023-11-28,2023-11-28,2023-11-29,2023-11-29,375.4060363769531,371.6294250488281,-0.01006007086240035,1,9504,9505,True,0.5357543991014602,2671
MSFT,A-NOK30-CLOSE-FILL,2024-01-29,2024-01-29,2024-01-30,2024-01-30,401.91107177734375,400.8025817871094,-0.0027580479067977892,1,9545,9546,True,0.5357543991014602,2671
MSFT,A-NOK30-CLOSE-FILL,2024-02-07,2024-02-07,2024-02-13,2024-02-13,406.1585388183594,398.5758972167969,-0.0186691670292658,4,9552,9556,True,0.5817091454272864,2668
MSFT,A-NOK30-CLOSE-FILL,2024-05-20,2024-05-20,2024-05-23,2024-05-23,418.7588806152344,420.3932189941406,0.0039028148525592776,3,9623,9626,True,0.5762457849381791,2669
MSFT,A-NOK30-CLOSE-FILL,2024-06-21,2024-06-21,2024-06-24,2024-06-24,442.82073974609375,440.743408203125,-0.00469113425933898,1,9645,9646,True,0.5357543991014602,2671
MSFT,A-NOK30-CLOSE-FILL,2024-06-25,2024-06-25,2024-06-27,2024-06-27,443.9726257324219,445.8432312011719,0.004213335148003816,2,9647,9649,True,0.5573033707865168,2670
MSFT,A-NOK30-CLOSE-FILL,2024-07-02,2024-07-02,2024-07-09,2024-07-09,452.1737365722656,452.4297180175781,0.0005661130326872765,4,9652,9656,True,0.5817091454272864,2668
MSFT,A-NOK30-CLOSE-FILL,2024-11-26,2024-11-26,2024-12-13,2024-12-13,422.9722900390625,442.0262451171875,0.045047762056387386,12,9755,9767,True,0.6304511278195488,2660
MSFT,A-NOK30-CLOSE-FILL,2024-12-17,2024-12-17,2024-12-18,2024-12-18,449.1319885253906,432.26214599609375,-0.037560990889748624,1,9769,9770,True,0.5357543991014602,2671
MSFT,A-NOK30-CLOSE-FILL,2025-05-19,2025-05-19,2025-05-21,2025-05-21,455.2337646484375,448.98370361328125,-0.013729344175476443,2,9872,9874,True,0.5573033707865168,2670
MSFT,A-NOK30-CLOSE-FILL,2025-09-30,2025-09-30,2025-10-09,2025-10-09,514.6903686523438,519.1123046875,0.008591448965199255,7,9964,9971,True,0.5902439024390244,2665
MSFT,A-NOK30-CLOSE-FILL,2026-07-20,2026-07-20,2026-07-22,2026-07-22,402.2900085449219,390.3399963378906,-0.029704968935853726,2,10164,10166,True,0.5573033707865168,2670
MSFT,A-NOK30-CLOSE-FILL,2026-07-30,2026-07-30,2026-08-12,2026-08-12,451.1000061035156,492.42999267578125,0.09162045225683602,9,10172,10181,True,0.6087119789710852,2663
META,A-NOK30-CLOSE-FILL,2016-04-28,2016-04-28,2016-05-13,2016-05-13,115.7138442993164,118.76703643798828,0.026385711728444505,11,991,1002,True,0.5862457722660653,2661
META,A-NOK30-CLOSE-FILL,2016-07-18,2016-07-18,2016-07-21,2016-07-21,118.33087158203125,119.56007385253906,0.010387840924975134,3,1046,1049,True,0.5428999625327838,2669
META,A-NOK30-CLOSE-FILL,2016-07-25,2016-07-25,2016-07-26,2016-07-26,120.57119750976562,120.1647720336914,-0.003370833868024725,1,1051,1052,True,0.5222763010108573,2671
META,A-NOK30-CLOSE-FILL,2016-08-10,2016-08-10,2016-08-15,2016-08-15,123.79288482666016,122.82144165039062,-0.007847326424533896,3,1063,1066,True,0.5428999625327838,2669
META,A-NOK30-CLOSE-FILL,2017-01-24,2017-01-24,2017-01-30,2017-01-30,128.24380493164062,129.8397979736328,0.012444991341631795,4,1177,1181,True,0.5539730134932533,2668
META,A-NOK30-CLOSE-FILL,2017-02-09,2017-02-09,2017-02-17,2017-02-17,132.97230529785156,132.3675994873047,-0.004547607181753843,6,1189,1195,True,0.5622655663915979,2666
META,A-NOK30-CLOSE-FILL,2017-06-08,2017-06-08,2017-06-09,2017-06-09,153.36322021484375,148.29769897460938,-0.0330295701481631,1,1271,1272,True,0.5222763010108573,2671
META,A-NOK30-CLOSE-FILL,2017-10-13,2017-10-13,2017-10-19,2017-10-19,172.2275848388672,173.04043579101562,0.004719632763293458,4,1360,1364,True,0.5539730134932533,2668
META,A-NOK30-CLOSE-FILL,2018-01-02,2018-01-02,2018-01-12,2018-01-12,179.84072875976562,177.80856323242188,-0.011299807009002683,8,1414,1422,True,0.566066066066066,2664
META,A-NOK30-CLOSE-FILL,2018-02-01,2018-02-01,2018-02-02,2018-02-02,191.40911865234375,188.62359619140625,-0.014552715568357244,1,1435,1436,True,0.5222763010108573,2671
META,A-NOK30-CLOSE-FILL,2018-04-27,2018-04-27,2018-05-15,2018-05-15,172.07887268066406,182.71546936035156,0.061812333576977796,12,1494,1506,True,0.5932330827067669,2660
META,A-NOK30-CLOSE-FILL,2018-07-23,2018-07-23,2018-07-26,2018-07-26,209.07398986816406,174.72560119628906,-0.16428819621959712,3,1553,1556,True,0.5428999625327838,2669
META,A-NOK30-CLOSE-FILL,2019-01-31,2019-01-31,2019-02-11,2019-02-11,165.23898315429688,164.3467559814453,-0.005399616699519494,7,1685,1692,True,0.5666041275797373,2665
META,A-NOK30-CLOSE-FILL,2019-04-22,2019-04-22,2019-04-24,2019-04-24,179.8605499267578,180.99061584472656,0.0062830115799652475,2,1740,1742,True,0.5370786516853933,2670
META,A-NOK30-CLOSE-FILL,2019-05-03,2019-05-03,2019-05-06,2019-05-06,193.76840209960938,192.19223022460938,-0.008134308060143591,1,1749,1750,True,0.5222763010108573,2671
META,A-NOK30-CLOSE-FILL,2019-07-03,2019-07-03,2019-07-17,2019-07-17,195.48333740234375,200.04330444335938,0.023326627740298367,9,1791,1800,True,0.578295155839279,2663
META,A-NOK30-CLOSE-FILL,2019-09-19,2019-09-19,2019-09-23,2019-09-23,188.4848175048828,185.19371032714844,-0.017460860886841068,2,1845,1847,True,0.5370786516853933,2670
META,A-NOK30-CLOSE-FILL,2019-10-28,2019-10-28,2019-10-31,2019-10-31,187.75123596191406,189.98165893554688,0.011879671322564622,3,1872,1875,True,0.5428999625327838,2669
META,A-NOK30-CLOSE-FILL,2019-11-01,2019-11-01,2019-11-06,2019-11-06,191.9344940185547,189.882568359375,-0.010690760249594922,3,1876,1879,True,0.5428999625327838,2669
META,A-NOK30-CLOSE-FILL,2019-11-15,2019-11-15,2019-12-02,2019-12-02,193.4016571044922,197.96157836914062,0.023577467395663465,10,1886,1896,True,0.5803906836964688,2662
META,A-NOK30-CLOSE-FILL,2020-01-02,2020-01-02,2020-01-14,2020-01-14,207.95382690429688,217.1530303955078,0.04423675980459141,8,1917,1925,True,0.566066066066066,2664
META,A-NOK30-CLOSE-FILL,2020-01-15,2020-01-15,2020-01-22,2020-01-22,219.224853515625,219.3933868408203,0.0007687692453324235,4,1926,1930,True,0.5539730134932533,2668
META,A-NOK30-CLOSE-FILL,2020-04-23,2020-04-23,2020-04-28,2020-04-28,183.5184326171875,181.31776428222656,-0.011991538417023495,3,1994,1997,True,0.5428999625327838,2669
META,A-NOK30-CLOSE-FILL,2020-04-29,2020-04-29,2020-05-12,2020-05-12,192.4995574951172,208.27105712890625,0.08193005656228114,9,1998,2007,True,0.578295155839279,2663
META,A-NOK30-CLOSE-FILL,2020-05-19,2020-05-19,2020-05-27,2020-05-27,214.99205017089844,227.14529418945312,0.05652880657165693,5,2012,2017,True,0.5613048368953881,2667
META,A-NOK30-CLOSE-FILL,2020-08-20,2020-08-20,2020-09-03,2020-09-03,266.668212890625,288.585693359375,0.08219007519182475,10,2077,2087,True,0.5803906836964688,2662
META,A-NOK30-CLOSE-FILL,2020-10-21,2020-10-21,2020-10-28,2020-10-28,276.3036193847656,265.3399963378906,-0.03967962153839055,5,2120,2125,True,0.5613048368953881,2667
META,A-NOK30-CLOSE-FILL,2020-10-29,2020-10-29,2020-10-30,2020-10-30,278.3852844238281,260.81951904296875,-0.06309875688010991,1,2126,2127,True,0.5222763010108573,2671
META,A-NOK30-CLOSE-FILL,2020-11-04,2020-11-04,2020-11-10,2020-11-10,284.87835693359375,270.05841064453125,-0.05202201546155749,4,2130,2134,True,0.5539730134932533,2668
META,A-NOK30-CLOSE-FILL,2020-12-07,2020-12-07,2020-12-08,2020-12-08,283.0939636230469,280.93292236328125,-0.00763365361842594,1,2152,2153,True,0.5222763010108573,2671
META,A-NOK30-CLOSE-FILL,2021-02-10,2021-02-10,2021-02-18,2021-02-18,269.5033264160156,267.0449523925781,-0.009121868943623546,5,2196,2201,True,0.5613048368953881,2667
META,A-NOK30-CLOSE-FILL,2021-03-31,2021-03-31,2021-04-13,2021-04-13,291.966064453125,307.0635070800781,0.05170958020491789,8,2230,2238,True,0.566066066066066,2664
META,A-NOK30-CLOSE-FILL,2021-06-07,2021-06-07,2021-06-08,2021-06-08,333.6499938964844,330.7752990722656,-0.008615899525868498,1,2276,2277,True,0.5222763010108573,2671
META,A-NOK30-CLOSE-FILL,2021-06-14,2021-06-14,2021-06-16,2021-06-16,333.8384094238281,328.1978454589844,-0.01689609046058782,2,2281,2283,True,0.5370786516853933,2670
META,A-NOK30-CLOSE-FILL,2021-09-07,2021-09-07,2021-09-08,2021-09-08,378.85308837890625,374.28326416015625,-0.012062259379497342,1,2340,2341,True,0.5222763010108573,2671
META,A-NOK30-CLOSE-FILL,2021-11-15,2021-11-15,2021-11-17,2021-11-17,344.534423828125,337.8035583496094,-0.019536118927475865,2,2389,2391,True,0.5370786516853933,2670
META,A-NOK30-CLOSE-FILL,2021-11-19,2021-11-19,2021-11-22,2021-11-22,342.2940979003906,338.0414733886719,-0.01242389085235207,1,2393,2394,True,0.5222763010108573,2671
META,A-NOK30-CLOSE-FILL,2021-12-27,2021-12-27,2021-12-31,2021-12-31,343.1664733886719,333.4220275878906,-0.028395681269669515,4,2417,2421,True,0.5539730134932533,2668
META,A-NOK30-CLOSE-FILL,2022-04-04,2022-04-04,2022-04-05,2022-04-05,231.85397338867188,229.82180786132812,-0.008764850986345163,1,2485,2486,True,0.5222763010108573,2671
META,A-NOK30-CLOSE-FILL,2022-12-14,2022-12-14,2022-12-15,2022-12-15,120.53153991699219,115.13888549804688,-0.04474060833089111,1,2661,2662,True,0.5222763010108573,2671
META,A-NOK30-CLOSE-FILL,2022-12-21,2022-12-21,2022-12-22,2022-12-22,118.71746826171875,116.10045623779297,-0.022044034986969607,1,2666,2667,True,0.5222763010108573,2671
META,A-NOK30-CLOSE-FILL,2022-12-23,2022-12-23,2022-12-27,2022-12-27,117.012451171875,115.86254119873047,-0.009827244550714265,1,2668,2669,True,0.5222763010108573,2671
META,A-NOK30-CLOSE-FILL,2022-12-29,2022-12-29,2023-01-18,2023-01-18,119.21311950683594,131.862060546875,0.10610359910356792,12,2671,2683,True,0.5932330827067669,2660
META,A-NOK30-CLOSE-FILL,2023-01-20,2023-01-20,2023-01-25,2023-01-25,138.15676879882812,140.26824951171875,0.015283223046169914,3,2685,2688,True,0.5428999625327838,2669
META,A-NOK30-CLOSE-FILL,2023-01-26,2023-01-26,2023-01-30,2023-01-30,146.0177459716797,145.7798309326172,-0.0016293570173905314,2,2689,2691,True,0.5370786516853933,2670
META,A-NOK30-CLOSE-FILL,2023-02-01,2023-02-01,2023-02-03,2023-02-03,151.78704833984375,184.90621948242188,0.2181949745041878,2,2693,2695,True,0.5370786516853933,2670
META,A-NOK30-CLOSE-FILL,2023-02-07,2023-02-07,2023-02-08,2023-02-08,189.95191955566406,181.8332061767578,-0.04274088620898153,1,2697,2698,True,0.5222763010108573,2671
META,A-NOK30-CLOSE-FILL,2023-03-30,2023-03-30,2023-04-05,2023-04-05,206.0307159423828,209.6390380859375,0.017513515531168533,4,2733,2737,True,0.5539730134932533,2668
META,A-NOK30-CLOSE-FILL,2023-04-06,2023-04-06,2023-04-11,2023-04-11,214.2188262939453,211.98841857910156,-0.010411819322468152,2,2738,2740,True,0.5370786516853933,2670
META,A-NOK30-CLOSE-FILL,2023-09-11,2023-09-11,2023-09-12,2023-09-12,304.8826599121094,299.0340270996094,-0.019183225488081268,1,2845,2846,True,0.5222763010108573,2671
META,A-NOK30-CLOSE-FILL,2023-09-14,2023-09-14,2023-09-15,2023-09-15,309.0065002441406,297.6957702636719,-0.03660353413773609,1,2848,2849,True,0.5222763010108573,2671
META,A-NOK30-CLOSE-FILL,2023-11-20,2023-11-20,2023-11-21,2023-11-21,337.01055908203125,334.04656982421875,-0.008794944781213898,1,2895,2896,True,0.5222763010108573,2671
META,A-NOK30-CLOSE-FILL,2023-11-22,2023-11-22,2023-11-24,2023-11-24,338.51727294921875,335.28564453125,-0.009546421043198916,1,2897,2898,True,0.5222763010108573,2671
META,A-NOK30-CLOSE-FILL,2024-02-07,2024-02-07,2024-02-13,2024-02-13,465.50213623046875,456.1145935058594,-0.02016648688366407,4,2948,2952,True,0.5539730134932533,2668
META,A-NOK30-CLOSE-FILL,2024-02-15,2024-02-15,2024-02-16,2024-02-16,479.81640625,469.1996765136719,-0.02212665010624182,1,2954,2955,True,0.5222763010108573,2671
META,A-NOK30-CLOSE-FILL,2024-06-26,2024-06-26,2024-06-28,2024-06-28,509.698486328125,500.8578186035156,-0.017344896957214195,2,3044,3046,True,0.5370786516853933,2670
META,A-NOK30-CLOSE-FILL,2024-07-05,2024-07-05,2024-07-11,2024-07-11,536.309814453125,509.2812805175781,-0.05039723907180005,4,3050,3054,True,0.5539730134932533,2668
META,A-NOK30-CLOSE-FILL,2024-08-21,2024-08-21,2024-08-22,2024-08-22,531.591552734375,528.3829345703125,-0.006035871239033375,1,3083,3084,True,0.5222763010108573,2671
META,A-NOK30-CLOSE-FILL,2024-09-30,2024-09-30,2024-10-01,2024-10-01,569.1654052734375,573.1723022460938,0.007039951717956683,1,3110,3111,True,0.5222763010108573,2671
META,A-NOK30-CLOSE-FILL,2024-10-03,2024-10-03,2024-10-07,2024-10-07,579.4362182617188,581.4348754882812,0.003449313597549075,2,3113,3115,True,0.5370786516853933,2670
META,A-NOK30-CLOSE-FILL,2025-01-21,2025-01-21,2025-01-31,2025-01-31,613.4280395507812,685.7903442382812,0.11796380344871671,8,3186,3194,True,0.566066066066066,2664
META,A-NOK30-CLOSE-FILL,2025-02-03,2025-02-03,2025-02-18,2025-02-18,694.0296020507812,712.8464965820312,0.02711252441631906,10,3195,3205,True,0.5803906836964688,2662
META,A-NOK30-CLOSE-FILL,2025-05-12,2025-05-12,2025-05-15,2025-05-15,636.85107421875,641.2831420898438,0.006959347405562255,3,3263,3266,True,0.5428999625327838,2669
META,A-NOK30-CLOSE-FILL,2025-07-31,2025-07-31,2025-08-14,2025-08-14,770.913330078125,779.574951171875,0.011235531616598404,10,3318,3328,True,0.5803906836964688,2662
META,A-NOK30-CLOSE-FILL,2025-12-23,2025-12-23,2026-01-02,2026-01-02,663.7559814453125,649.2518310546875,-0.021851630412493717,6,3419,3425,True,0.5622655663915979,2666
AMD,A-NOK30-CLOSE-FILL,2016-03-07,2016-03-07,2016-03-08,2016-03-08,2.4700000286102295,2.299999952316284,-0.06882594102219408,1,9072,9073,True,0.5132909022837888,2671
AMD,A-NOK30-CLOSE-FILL,2016-03-14,2016-03-14,2016-03-15,2016-03-15,2.7200000286102295,2.490000009536743,-0.08455882965229367,1,9077,9078,True,0.5132909022837888,2671
AMD,A-NOK30-CLOSE-FILL,2016-03-16,2016-03-16,2016-03-23,2016-03-23,2.630000114440918,2.680000066757202,0.01901138788616108,5,9079,9084,True,0.5590551181102362,2667
AMD,A-NOK30-CLOSE-FILL,2016-04-22,2016-04-22,2016-05-04,2016-05-04,3.990000009536743,3.5999999046325684,-0.09774438696040388,8,9105,9113,True,0.5623123123123123,2664
AMD,A-NOK30-CLOSE-FILL,2016-07-22,2016-07-22,2016-08-01,2016-08-01,5.840000152587891,6.639999866485596,0.13698624880055865,6,9168,9174,True,0.5558889722430608,2666
AMD,A-NOK30-CLOSE-FILL,2016-10-24,2016-10-24,2016-11-01,2016-11-01,7.010000228881836,7.090000152587891,0.011412256932096465,6,9233,9239,True,0.5558889722430608,2666
AMD,A-NOK30-CLOSE-FILL,2016-12-06,2016-12-06,2016-12-28,2016-12-28,9.449999809265137,11.550000190734863,0.22222226707463077,15,9263,9278,True,0.5660519382762514,2657
AMD,A-NOK30-CLOSE-FILL,2017-02-21,2017-02-21,2017-03-02,2017-03-02,14.0,13.899999618530273,-0.00714288439069477,7,9314,9321,True,0.5538461538461539,2665
AMD,A-NOK30-CLOSE-FILL,2017-06-20,2017-06-20,2017-06-28,2017-06-28,12.640000343322754,13.229999542236328,0.046677150544956136,6,9397,9403,True,0.5558889722430608,2666
AMD,A-NOK30-CLOSE-FILL,2017-10-03,2017-10-03,2017-10-18,2017-10-18,13.420000076293945,14.069999694824219,0.0484351426851688,11,9470,9481,True,0.5648252536640361,2661
AMD,A-NOK30-CLOSE-FILL,2018-01-18,2018-01-18,2018-01-25,2018-01-25,12.470000267028809,12.40999984741211,-0.0048115812615772136,5,9543,9548,True,0.5590551181102362,2667
AMD,A-NOK30-CLOSE-FILL,2018-01-26,2018-01-26,2018-01-30,2018-01-30,12.949999809265137,12.869999885559082,-0.006177600377168968,2,9549,9551,True,0.5265917602996255,2670
AMD,A-NOK30-CLOSE-FILL,2018-01-31,2018-01-31,2018-02-01,2018-02-01,13.739999771118164,13.25,-0.03566228379043768,1,9552,9553,True,0.5132909022837888,2671
AMD,A-NOK30-CLOSE-FILL,2018-05-24,2018-05-24,2018-05-29,2018-05-29,13.40999984741211,13.359999656677246,-0.0037285750412974217,2,9631,9633,True,0.5265917602996255,2670
AMD,A-NOK30-CLOSE-FILL,2018-06-01,2018-06-01,2018-06-07,2018-06-07,14.399999618530273,14.890000343322754,0.03402782901201862,4,9636,9640,True,0.5543478260869565,2668
AMD,A-NOK30-CLOSE-FILL,2018-06-12,2018-06-12,2018-06-14,2018-06-14,15.850000381469727,16.25,0.025236568385065494,2,9643,9645,True,0.5265917602996255,2670
AMD,A-NOK30-CLOSE-FILL,2018-06-18,2018-06-18,2018-06-19,2018-06-19,17.110000610351562,16.690000534057617,-0.024547052093022437,1,9647,9648,True,0.5132909022837888,2671
AMD,A-NOK30-CLOSE-FILL,2018-07-26,2018-07-26,2018-08-01,2018-08-01,18.350000381469727,18.479999542236328,0.007084422782785316,4,9674,9678,True,0.5543478260869565,2668
AMD,A-NOK30-CLOSE-FILL,2018-08-02,2018-08-02,2018-08-03,2018-08-03,18.790000915527344,18.489999771118164,-0.015965999456725388,1,9679,9680,True,0.5132909022837888,2671
AMD,A-NOK30-CLOSE-FILL,2018-08-06,2018-08-06,2018-08-09,2018-08-09,19.43000030517578,19.100000381469727,-0.016984041097423352,3,9681,9684,True,0.5458973398276508,2669
AMD,A-NOK30-CLOSE-FILL,2018-08-13,2018-08-13,2018-08-16,2018-08-16,19.729999542236328,19.329999923706055,-0.02027367601676766,3,9686,9689,True,0.5458973398276508,2669
AMD,A-NOK30-CLOSE-FILL,2018-09-04,2018-09-04,2018-09-06,2018-09-06,28.059999465942383,27.84000015258789,-0.007840317802625618,2,9701,9703,True,0.5265917602996255,2670
AMD,A-NOK30-CLOSE-FILL,2018-09-10,2018-09-10,2018-09-13,2018-09-13,29.889999389648438,30.479999542236328,0.019739048666298054,3,9705,9708,True,0.5458973398276508,2669
AMD,A-NOK30-CLOSE-FILL,2019-01-24,2019-01-24,2019-01-28,2019-01-28,20.850000381469727,20.18000030517578,-0.03213429563720305,2,9798,9800,True,0.5265917602996255,2670
AMD,A-NOK30-CLOSE-FILL,2019-01-30,2019-01-30,2019-02-07,2019-02-07,23.09000015258789,22.670000076293945,-0.018189695691572916,6,9802,9808,True,0.5558889722430608,2666
AMD,A-NOK30-CLOSE-FILL,2019-04-03,2019-04-03,2019-04-09,2019-04-09,29.020000457763672,27.239999771118164,-0.06133703165291671,4,9846,9850,True,0.5543478260869565,2668
AMD,A-NOK30-CLOSE-FILL,2019-05-28,2019-05-28,2019-05-31,2019-05-31,29.049999237060547,27.40999984741211,-0.05645436945678839,3,9883,9886,True,0.5458973398276508,2669
AMD,A-NOK30-CLOSE-FILL,2019-06-04,2019-06-04,2019-06-12,2019-06-12,29.56999969482422,32.18000030517578,0.0882651551331739,6,9888,9894,True,0.5558889722430608,2666
AMD,A-NOK30-CLOSE-FILL,2019-10-25,2019-10-25,2019-10-29,2019-10-29,32.709999084472656,33.029998779296875,0.009782931940714112,2,9989,9991,True,0.5265917602996255,2670
AMD,A-NOK30-CLOSE-FILL,2019-10-31,2019-10-31,2019-11-06,2019-11-06,33.93000030517578,35.93000030517578,0.058944886000926955,4,9993,9997,True,0.5543478260869565,2668
AMD,A-NOK30-CLOSE-FILL,2019-11-12,2019-11-12,2019-11-15,2019-11-15,36.709999084472656,38.560001373291016,0.05039505134721889,3,10001,10004,True,0.5458973398276508,2669
AMD,A-NOK30-CLOSE-FILL,2019-11-18,2019-11-18,2019-11-21,2019-11-21,39.880001068115234,39.52000045776367,-0.009027096306659543,3,10005,10008,True,0.5458973398276508,2669
AMD,A-NOK30-CLOSE-FILL,2020-01-02,2020-01-02,2020-01-06,2020-01-06,49.099998474121094,48.38999938964844,-0.014460266935585997,2,10035,10037,True,0.5265917602996255,2670
AMD,A-NOK30-CLOSE-FILL,2020-07-20,2020-07-20,2020-08-10,2020-08-10,57.459999084472656,82.23999786376953,0.43125651190609116,15,10172,10187,True,0.5660519382762514,2657
AMD,A-NOK30-CLOSE-FILL,2020-11-19,2020-11-19,2020-12-03,2020-12-03,85.54000091552734,92.30999755859375,0.07914421990422849,9,10259,10268,True,0.5632745024408562,2663
AMD,A-NOK30-CLOSE-FILL,2020-12-15,2020-12-15,2020-12-21,2020-12-21,97.12000274658203,93.2300033569336,-0.04005353459264949,4,10276,10280,True,0.5543478260869565,2668
AMD,A-NOK30-CLOSE-FILL,2021-06-17,2021-06-17,2021-07-07,2021-07-07,84.55999755859375,90.54000091552734,0.07071905782388299,13,10402,10415,True,0.5656261752538548,2659
AMD,A-NOK30-CLOSE-FILL,2021-11-02,2021-11-02,2021-11-10,2021-11-10,127.62999725341797,139.8699951171875,0.09590220267313954,6,10498,10504,True,0.5558889722430608,2666
AMD,A-NOK30-CLOSE-FILL,2021-11-16,2021-11-16,2021-11-22,2021-11-22,152.4499969482422,152.52000427246094,0.00045921499258883003,4,10508,10512,True,0.5543478260869565,2668
AMD,A-NOK30-CLOSE-FILL,2021-11-29,2021-11-29,2021-12-01,2021-12-01,161.91000366210938,149.11000061035156,-0.07905628288706723,2,10516,10518,True,0.5265917602996255,2670
AMD,A-NOK30-CLOSE-FILL,2022-05-27,2022-05-27,2022-06-08,2022-06-08,102.26000213623047,101.9000015258789,-0.0035204439940453858,7,10641,10648,True,0.5538461538461539,2665
AMD,A-NOK30-CLOSE-FILL,2022-07-28,2022-07-28,2022-08-08,2022-08-08,91.66999816894531,100.06999969482422,0.09163305000178945,7,10682,10689,True,0.5538461538461539,2665
AMD,A-NOK30-CLOSE-FILL,2022-11-30,2022-11-30,2022-12-02,2022-12-02,77.62999725341797,74.9800033569336,-0.03413621010230938,2,10769,10771,True,0.5265917602996255,2670
AMD,A-NOK30-CLOSE-FILL,2023-01-23,2023-01-23,2023-01-30,2023-01-30,76.52999877929688,72.44999694824219,-0.05331245127575279,5,10804,10809,True,0.5590551181102362,2667
AMD,A-NOK30-CLOSE-FILL,2023-02-01,2023-02-01,2023-02-06,2023-02-06,84.63999938964844,83.68000030517578,-0.011342144274519739,3,10811,10814,True,0.5458973398276508,2669
AMD,A-NOK30-CLOSE-FILL,2023-03-14,2023-03-14,2023-03-24,2023-03-24,87.44999694824219,97.94999694824219,0.12006861482470366,8,10839,10847,True,0.5623123123123123,2664
AMD,A-NOK30-CLOSE-FILL,2023-05-25,2023-05-25,2023-05-30,2023-05-30,120.3499984741211,125.2699966430664,0.04088074974095868,2,10890,10892,True,0.5265917602996255,2670
AMD,A-NOK30-CLOSE-FILL,2023-06-12,2023-06-12,2023-06-15,2023-06-15,129.19000244140625,124.23999786376953,-0.038315693816027174,3,10901,10904,True,0.5458973398276508,2669
AMD,A-NOK30-CLOSE-FILL,2023-11-20,2023-11-20,2023-11-21,2023-11-21,121.52999877929688,119.16000366210938,-0.019501317707502852,1,11013,11014,True,0.5132909022837888,2671
AMD,A-NOK30-CLOSE-FILL,2023-12-26,2023-12-26,2024-01-02,2024-01-02,143.41000366210938,138.5800018310547,-0.033679671624824215,4,11037,11041,True,0.5543478260869565,2668
AMD,A-NOK30-CLOSE-FILL,2024-05-28,2024-05-28,2024-05-29,2024-05-29,171.61000061035156,165.13999938964844,-0.037701772610522655,1,11142,11143,True,0.5132909022837888,2671
AMD,A-NOK30-CLOSE-FILL,2024-06-07,2024-06-07,2024-06-10,2024-06-10,167.8699951171875,160.33999633789062,-0.04485613271174693,1,11150,11151,True,0.5132909022837888,2671
AMD,A-NOK30-CLOSE-FILL,2024-10-04,2024-10-04,2024-10-10,2024-10-10,170.89999389648438,164.17999267578125,-0.03932124903862477,4,11232,11236,True,0.5543478260869565,2668
AMD,A-NOK30-CLOSE-FILL,2025-05-12,2025-05-12,2025-05-15,2025-05-15,108.12000274658203,114.98999786376953,0.06354046376866829,3,11381,11384,True,0.5458973398276508,2669
AMD,A-NOK30-CLOSE-FILL,2025-06-17,2025-06-17,2025-06-30,2025-06-30,127.0999984741211,141.89999389648438,0.11644371046453417,8,11406,11414,True,0.5623123123123123,2664
AMD,A-NOK30-CLOSE-FILL,2025-07-24,2025-07-24,2025-07-31,2025-07-31,162.1199951171875,176.30999755859375,0.08752777491233621,5,11431,11436,True,0.5590551181102362,2667
AMD,A-NOK30-CLOSE-FILL,2025-10-08,2025-10-08,2025-10-10,2025-10-10,235.55999755859375,214.89999389648438,-0.08770590879705864,2,11484,11486,True,0.5265917602996255,2670
AMD,A-NOK30-CLOSE-FILL,2025-10-15,2025-10-15,2025-10-17,2025-10-17,238.60000610351562,233.0800018310547,-0.023134971212306232,2,11489,11491,True,0.5265917602996255,2670
AMD,A-NOK30-CLOSE-FILL,2025-10-20,2025-10-20,2025-10-22,2025-10-22,240.55999755859375,230.22999572753906,-0.042941477950998785,2,11492,11494,True,0.5265917602996255,2670
AMD,A-NOK30-CLOSE-FILL,2025-10-24,2025-10-24,2025-10-30,2025-10-30,252.9199981689453,254.83999633789062,0.007591326043197233,4,11496,11500,True,0.5543478260869565,2668
AMD,A-NOK30-CLOSE-FILL,2026-04-02,2026-04-02,2026-04-20,2026-04-20,217.5,274.95001220703125,0.26413798715876435,11,11605,11616,True,0.5648252536640361,2661
AMD,A-NOK30-CLOSE-FILL,2026-04-22,2026-04-22,2026-04-27,2026-04-27,303.4599914550781,334.6300048828125,0.10271539677528962,3,11618,11621,True,0.5458973398276508,2669
AMD,A-NOK30-CLOSE-FILL,2026-04-30,2026-04-30,2026-05-04,2026-05-04,354.489990234375,341.5400085449219,-0.03653130425739548,2,11624,11626,True,0.5265917602996255,2670
AMD,A-NOK30-CLOSE-FILL,2026-05-06,2026-05-06,2026-05-07,2026-05-07,421.3900146484375,408.4599914550781,-0.030684218286820997,1,11628,11629,True,0.5132909022837888,2671
AMD,A-NOK30-CLOSE-FILL,2026-05-08,2026-05-08,2026-05-13,2026-05-13,455.19000244140625,445.5,-0.021287819129229613,3,11630,11633,True,0.5458973398276508,2669
